Source,Target,Type,Id,Label,timeset,Weight,att1
1,195,Undirected,0,+,,0.740383,+
2,22,Undirected,1,+,,0.8042,+
2,72,Undirected,2,+,,0.825089,+
2,81,Undirected,3,+,,0.753686,+
2,94,Undirected,4,+,,0.831256,+
2,114,Undirected,5,+,,0.735566,+
2,137,Undirected,6,+,,0.721869,+
2,151,Undirected,7,+,,0.737422,+
2,155,Undirected,8,+,,0.85464,+
2,168,Undirected,9,+,,0.821213,+
2,200,Undirected,10,+,,0.812744,+
2,219,Undirected,11,+,,0.82698,+
2,223,Undirected,12,+,,0.762949,+
2,243,Undirected,13,+,,0.847707,+
2,262,Undirected,14,+,,0.76404,+
2,265,Undirected,15,+,,0.791297,+
2,268,Undirected,16,+,,0.869536,+
2,271,Undirected,17,+,,0.843889,+
2,276,Undirected,18,+,,0.733947,+
2,281,Undirected,19,+,,0.815194,+
2,289,Undirected,20,+,,0.877683,+
2,318,Undirected,21,+,,0.949453,+
2,321,Undirected,22,+,,0.739776,+
2,326,Undirected,23,+,,0.793216,+
2,330,Undirected,24,+,,0.922374,+
2,372,Undirected,25,+,,0.739641,+
2,381,Undirected,26,+,,0.780398,+
2,386,Undirected,27,+,,0.818125,+
2,404,Undirected,28,+,,0.803425,+
2,418,Undirected,29,+,,0.866272,+
2,437,Undirected,30,+,,0.846974,+
2,439,Undirected,31,+,,0.738897,+
2,461,Undirected,32,+,,0.927405,+
3,72,Undirected,33,+,,0.748205,+
3,265,Undirected,34,+,,0.742411,+
3,268,Undirected,35,+,,0.754053,+
3,439,Undirected,36,+,,0.769289,+
4,285,Undirected,37,+,,0.768119,+
4,470,Undirected,38,+,,0.72915,+
5,317,Undirected,39,+,,0.793898,+
5,434,Undirected,40,+,,0.761125,+
5,442,Undirected,41,+,,0.735777,+
6,26,Undirected,42,+,,0.725134,+
6,32,Undirected,43,+,,0.746311,+
6,36,Undirected,44,+,,0.87469,+
6,48,Undirected,45,+,,0.811077,+
6,55,Undirected,46,+,,0.805687,+
6,122,Undirected,47,+,,0.798931,+
6,135,Undirected,48,+,,0.76846,+
6,140,Undirected,49,+,,0.884339,+
6,146,Undirected,50,+,,0.871074,+
6,154,Undirected,51,+,,0.794673,+
6,181,Undirected,52,+,,0.799236,+
6,197,Undirected,53,+,,0.754995,+
6,208,Undirected,54,+,,0.845029,+
6,213,Undirected,55,+,,0.752037,+
6,217,Undirected,56,+,,0.787574,+
6,234,Undirected,57,+,,0.721372,+
6,293,Undirected,58,+,,0.749961,+
6,295,Undirected,59,+,,0.936679,+
6,332,Undirected,60,+,,0.7505,+
6,357,Undirected,61,+,,0.721565,+
6,361,Undirected,62,+,,0.841254,+
6,369,Undirected,63,+,,0.783518,+
6,370,Undirected,64,+,,0.780319,+
6,371,Undirected,65,+,,0.725759,+
6,390,Undirected,66,+,,0.893518,+
6,403,Undirected,67,+,,0.778553,+
6,405,Undirected,68,+,,0.843222,+
6,410,Undirected,69,+,,0.740068,+
6,421,Undirected,70,+,,0.800909,+
6,431,Undirected,71,+,,0.79122,+
6,438,Undirected,72,+,,0.78657,+
6,451,Undirected,73,+,,0.872917,+
6,455,Undirected,74,+,,0.744493,+
6,457,Undirected,75,+,,0.827198,+
7,228,Undirected,76,+,,0.739381,+
7,358,Undirected,77,+,,0.780556,+
7,459,Undirected,78,+,,0.769719,+
8,459,Undirected,79,+,,0.730687,+
9,26,Undirected,80,+,,0.866835,+
9,32,Undirected,81,+,,0.761376,+
9,35,Undirected,82,+,,0.788709,+
9,36,Undirected,83,+,,0.790724,+
9,122,Undirected,84,+,,0.809796,+
9,135,Undirected,85,+,,0.799027,+
9,140,Undirected,86,+,,0.757119,+
9,172,Undirected,87,+,,0.73355,+
9,173,Undirected,88,+,,0.760973,+
9,178,Undirected,89,+,,0.79539,+
9,181,Undirected,90,+,,0.805605,+
9,197,Undirected,91,+,,0.811536,+
9,208,Undirected,92,+,,0.785624,+
9,213,Undirected,93,+,,0.803624,+
9,234,Undirected,94,+,,0.738075,+
9,293,Undirected,95,+,,0.72771,+
9,317,Undirected,96,+,,0.857238,+
9,325,Undirected,97,+,,0.785697,+
9,338,Undirected,98,+,,0.837663,+
9,357,Undirected,99,+,,0.828972,+
9,377,Undirected,100,+,,0.883519,+
9,397,Undirected,101,+,,0.807292,+
9,405,Undirected,102,+,,0.721055,+
9,407,Undirected,103,+,,0.749144,+
9,421,Undirected,104,+,,0.829038,+
9,433,Undirected,105,+,,0.730491,+
9,435,Undirected,106,+,,0.797268,+
9,438,Undirected,107,+,,0.803424,+
9,457,Undirected,108,+,,0.803945,+
9,473,Undirected,109,+,,0.801842,+
10,59,Undirected,110,+,,0.730909,+
10,331,Undirected,111,+,,0.798615,+
10,434,Undirected,112,+,,0.795875,+
10,442,Undirected,113,+,,0.737919,+
11,41,Undirected,114,+,,0.787329,+
11,92,Undirected,115,+,,0.765564,+
11,149,Undirected,116,+,,0.841615,+
11,167,Undirected,117,+,,0.730822,+
11,211,Undirected,118,+,,0.885596,+
11,244,Undirected,119,+,,0.843675,+
11,299,Undirected,120,+,,0.7334,+
11,310,Undirected,121,+,,0.799167,+
11,415,Undirected,122,+,,0.724049,+
12,22,Undirected,123,+,,0.857789,+
12,46,Undirected,124,+,,0.720707,+
12,72,Undirected,125,+,,0.854202,+
12,103,Undirected,126,+,,0.765056,+
12,114,Undirected,127,+,,0.737685,+
12,155,Undirected,128,+,,0.845235,+
12,163,Undirected,129,+,,0.791602,+
12,168,Undirected,130,+,,0.752242,+
12,200,Undirected,131,+,,0.733332,+
12,239,Undirected,132,+,,0.817549,+
12,243,Undirected,133,+,,0.756099,+
12,265,Undirected,134,+,,0.809435,+
12,268,Undirected,135,+,,0.81174,+
12,271,Undirected,136,+,,0.842353,+
12,276,Undirected,137,+,,0.771187,+
12,289,Undirected,138,+,,0.734596,+
12,327,Undirected,139,+,,0.734764,+
12,330,Undirected,140,+,,0.751822,+
12,381,Undirected,141,+,,0.768696,+
12,389,Undirected,142,+,,0.753872,+
12,404,Undirected,143,+,,0.745735,+
12,427,Undirected,144,+,,0.753802,+
12,439,Undirected,145,+,,0.741754,+
12,468,Undirected,146,+,,0.800466,+
13,178,Undirected,147,+,,0.821483,+
13,197,Undirected,148,+,,0.742409,+
13,341,Undirected,149,+,,0.752694,+
13,377,Undirected,150,+,,0.722713,+
13,397,Undirected,151,+,,0.733663,+
13,407,Undirected,152,+,,0.798069,+
13,457,Undirected,153,+,,0.774274,+
14,21,Undirected,154,+,,0.795203,+
14,77,Undirected,155,+,,0.798159,+
14,191,Undirected,156,+,,0.72547,+
14,252,Undirected,157,+,,0.814621,+
14,269,Undirected,158,+,,0.737101,+
14,315,Undirected,159,+,,0.785691,+
15,25,Undirected,160,+,,0.840025,+
15,81,Undirected,161,+,,0.733602,+
15,308,Undirected,162,+,,0.856526,+
15,349,Undirected,163,+,,0.792041,+
15,359,Undirected,164,+,,0.775989,+
16,40,Undirected,165,+,,0.734674,+
16,242,Undirected,166,+,,0.720757,+
17,19,Undirected,167,+,,0.813157,+
18,258,Undirected,168,+,,0.754091,+
20,34,Undirected,169,+,,0.761415,+
20,45,Undirected,170,+,,0.819716,+
20,46,Undirected,171,-,,0.748209,-
20,96,Undirected,172,-,,0.761639,-
20,97,Undirected,173,-,,0.821386,-
20,118,Undirected,174,-,,0.821262,-
20,164,Undirected,175,+,,0.816378,+
20,185,Undirected,176,-,,0.797847,-
20,218,Undirected,177,-,,0.758799,-
20,220,Undirected,178,-,,0.748886,-
20,257,Undirected,179,+,,0.759439,+
20,264,Undirected,180,-,,0.736804,-
20,282,Undirected,181,+,,0.735549,+
20,324,Undirected,182,-,,0.820512,-
20,356,Undirected,183,+,,0.738162,+
20,371,Undirected,184,+,,0.82173,+
20,422,Undirected,185,+,,0.789039,+
20,429,Undirected,186,-,,0.763662,-
20,447,Undirected,187,-,,0.730888,-
20,450,Undirected,188,+,,0.756746,+
20,472,Undirected,189,+,,0.882792,+
21,77,Undirected,190,+,,0.839365,+
21,142,Undirected,191,+,,0.739856,+
21,191,Undirected,192,+,,0.722086,+
21,252,Undirected,193,+,,0.744787,+
21,379,Undirected,194,+,,0.898329,+
22,43,Undirected,195,+,,0.724806,+
22,46,Undirected,196,+,,0.773602,+
22,72,Undirected,197,+,,0.89489,+
22,103,Undirected,198,+,,0.780188,+
22,114,Undirected,199,+,,0.861362,+
22,155,Undirected,200,+,,0.903095,+
22,163,Undirected,201,+,,0.834822,+
22,168,Undirected,202,+,,0.785366,+
22,200,Undirected,203,+,,0.769288,+
22,215,Undirected,204,-,,0.742881,-
22,223,Undirected,205,+,,0.728583,+
22,239,Undirected,206,+,,0.803362,+
22,243,Undirected,207,+,,0.842254,+
22,265,Undirected,208,+,,0.829101,+
22,268,Undirected,209,+,,0.864406,+
22,271,Undirected,210,+,,0.899038,+
22,276,Undirected,211,+,,0.840163,+
22,281,Undirected,212,+,,0.781811,+
22,289,Undirected,213,+,,0.817657,+
22,318,Undirected,214,+,,0.846925,+
22,326,Undirected,215,+,,0.738646,+
22,330,Undirected,216,+,,0.774615,+
22,381,Undirected,217,+,,0.843366,+
22,386,Undirected,218,+,,0.74131,+
22,389,Undirected,219,+,,0.786145,+
22,404,Undirected,220,+,,0.836785,+
22,418,Undirected,221,+,,0.78223,+
22,429,Undirected,222,+,,0.773184,+
22,437,Undirected,223,+,,0.746194,+
22,439,Undirected,224,+,,0.745649,+
22,461,Undirected,225,+,,0.735885,+
22,468,Undirected,226,+,,0.750359,+
22,471,Undirected,227,+,,0.755099,+
23,296,Undirected,228,+,,0.799388,+
23,352,Undirected,229,+,,0.741984,+
23,388,Undirected,230,+,,0.739924,+
23,470,Undirected,231,+,,0.727982,+
24,93,Undirected,232,+,,0.890236,+
24,269,Undirected,233,+,,0.796133,+
24,448,Undirected,234,+,,0.75383,+
25,81,Undirected,235,+,,0.791942,+
25,137,Undirected,236,+,,0.760042,+
25,151,Undirected,237,+,,0.818357,+
25,219,Undirected,238,+,,0.740293,+
25,260,Undirected,239,+,,0.765596,+
25,262,Undirected,240,+,,0.759797,+
25,308,Undirected,241,+,,0.84334,+
25,318,Undirected,242,+,,0.740287,+
25,322,Undirected,243,+,,0.725605,+
25,349,Undirected,244,+,,0.785273,+
25,359,Undirected,245,+,,0.859127,+
25,372,Undirected,246,+,,0.820028,+
25,386,Undirected,247,+,,0.735759,+
25,418,Undirected,248,+,,0.797637,+
25,461,Undirected,249,+,,0.726701,+
26,32,Undirected,250,+,,0.72486,+
26,35,Undirected,251,+,,0.759743,+
26,36,Undirected,252,+,,0.740743,+
26,48,Undirected,253,+,,0.734694,+
26,122,Undirected,254,+,,0.791742,+
26,135,Undirected,255,+,,0.830434,+
26,140,Undirected,256,+,,0.786497,+
26,173,Undirected,257,+,,0.798227,+
26,178,Undirected,258,+,,0.765161,+
26,181,Undirected,259,+,,0.824329,+
26,197,Undirected,260,+,,0.820711,+
26,208,Undirected,261,+,,0.796933,+
26,213,Undirected,262,+,,0.848397,+
26,234,Undirected,263,+,,0.728625,+
26,293,Undirected,264,+,,0.727262,+
26,317,Undirected,265,+,,0.745219,+
26,325,Undirected,266,+,,0.729635,+
26,338,Undirected,267,+,,0.872023,+
26,357,Undirected,268,+,,0.802366,+
26,377,Undirected,269,+,,0.861568,+
26,397,Undirected,270,+,,0.807205,+
26,421,Undirected,271,+,,0.751432,+
26,435,Undirected,272,+,,0.811423,+
26,438,Undirected,273,+,,0.747692,+
26,457,Undirected,274,+,,0.801355,+
26,473,Undirected,275,+,,0.816027,+
27,363,Undirected,276,+,,0.80174,+
28,98,Undirected,277,+,,0.927902,+
28,108,Undirected,278,+,,0.798098,+
28,235,Undirected,279,+,,0.852452,+
28,236,Undirected,280,+,,0.735147,+
28,241,Undirected,281,+,,0.733715,+
28,425,Undirected,282,+,,0.788854,+
29,175,Undirected,283,+,,0.768746,+
29,462,Undirected,284,+,,0.851204,+
30,64,Undirected,285,+,,0.750406,+
31,97,Undirected,286,+,,0.833332,+
31,164,Undirected,287,-,,0.73168,-
31,220,Undirected,288,+,,0.756115,+
31,324,Undirected,289,+,,0.778133,+
31,389,Undirected,290,+,,0.72701,+
31,429,Undirected,291,+,,0.726615,+
31,447,Undirected,292,+,,0.724681,+
31,471,Undirected,293,+,,0.793389,+
32,35,Undirected,294,+,,0.779023,+
32,36,Undirected,295,+,,0.894797,+
32,55,Undirected,296,+,,0.802362,+
32,122,Undirected,297,+,,0.788347,+
32,124,Undirected,298,+,,0.729411,+
32,135,Undirected,299,+,,0.85418,+
32,140,Undirected,300,+,,0.798899,+
32,146,Undirected,301,+,,0.840339,+
32,165,Undirected,302,+,,0.793409,+
32,177,Undirected,303,+,,0.78956,+
32,181,Undirected,304,+,,0.849294,+
32,187,Undirected,305,+,,0.765008,+
32,194,Undirected,306,+,,0.809782,+
32,197,Undirected,307,+,,0.738536,+
32,208,Undirected,308,+,,0.800823,+
32,213,Undirected,309,+,,0.817644,+
32,217,Undirected,310,+,,0.846911,+
32,221,Undirected,311,+,,0.738902,+
32,234,Undirected,312,+,,0.871721,+
32,259,Undirected,313,+,,0.816339,+
32,293,Undirected,314,+,,0.78783,+
32,295,Undirected,315,+,,0.79305,+
32,298,Undirected,316,+,,0.735071,+
32,316,Undirected,317,+,,0.769812,+
32,317,Undirected,318,+,,0.7356,+
32,332,Undirected,319,+,,0.76321,+
32,338,Undirected,320,+,,0.798525,+
32,357,Undirected,321,+,,0.812423,+
32,361,Undirected,322,+,,0.790819,+
32,369,Undirected,323,+,,0.749628,+
32,371,Undirected,324,+,,0.759488,+
32,377,Undirected,325,+,,0.737118,+
32,378,Undirected,326,+,,0.728033,+
32,390,Undirected,327,+,,0.720487,+
32,397,Undirected,328,+,,0.732791,+
32,405,Undirected,329,+,,0.813507,+
32,421,Undirected,330,+,,0.81838,+
32,431,Undirected,331,+,,0.742608,+
32,435,Undirected,332,+,,0.801268,+
32,451,Undirected,333,+,,0.784072,+
33,258,Undirected,334,+,,0.728575,+
34,45,Undirected,335,+,,0.874095,+
34,55,Undirected,336,+,,0.733206,+
34,56,Undirected,337,+,,0.723876,+
34,134,Undirected,338,+,,0.723856,+
34,146,Undirected,339,+,,0.74488,+
34,164,Undirected,340,+,,0.790379,+
34,165,Undirected,341,+,,0.722766,+
34,234,Undirected,342,+,,0.768625,+
34,247,Undirected,343,+,,0.742114,+
34,288,Undirected,344,+,,0.72422,+
34,356,Undirected,345,+,,0.745852,+
34,361,Undirected,346,+,,0.748618,+
34,371,Undirected,347,+,,0.845472,+
34,375,Undirected,348,+,,0.731263,+
34,405,Undirected,349,+,,0.740099,+
34,416,Undirected,350,+,,0.782516,+
34,422,Undirected,351,+,,0.767276,+
34,431,Undirected,352,+,,0.742999,+
34,450,Undirected,353,+,,0.807577,+
34,472,Undirected,354,+,,0.786117,+
35,36,Undirected,355,+,,0.729971,+
35,122,Undirected,356,+,,0.786573,+
35,135,Undirected,357,+,,0.807652,+
35,147,Undirected,358,+,,0.73166,+
35,178,Undirected,359,+,,0.720765,+
35,181,Undirected,360,+,,0.815417,+
35,187,Undirected,361,+,,0.729478,+
35,194,Undirected,362,+,,0.729533,+
35,197,Undirected,363,+,,0.7344,+
35,208,Undirected,364,+,,0.723857,+
35,213,Undirected,365,+,,0.816319,+
35,234,Undirected,366,+,,0.73657,+
35,317,Undirected,367,+,,0.773719,+
35,338,Undirected,368,+,,0.758299,+
35,357,Undirected,369,+,,0.781882,+
35,377,Undirected,370,+,,0.795862,+
35,397,Undirected,371,+,,0.745576,+
35,421,Undirected,372,+,,0.838595,+
35,435,Undirected,373,+,,0.781349,+
36,48,Undirected,374,+,,0.733492,+
36,49,Undirected,375,+,,0.734279,+
36,55,Undirected,376,+,,0.866027,+
36,56,Undirected,377,+,,0.730665,+
36,76,Undirected,378,+,,0.772689,+
36,122,Undirected,379,+,,0.842313,+
36,135,Undirected,380,+,,0.811408,+
36,140,Undirected,381,+,,0.90892,+
36,141,Undirected,382,+,,0.742447,+
36,146,Undirected,383,+,,0.923957,+
36,154,Undirected,384,+,,0.786542,+
36,165,Undirected,385,+,,0.78418,+
36,172,Undirected,386,+,,0.765117,+
36,177,Undirected,387,+,,0.735459,+
36,181,Undirected,388,+,,0.84583,+
36,194,Undirected,389,+,,0.788633,+
36,197,Undirected,390,+,,0.766136,+
36,201,Undirected,391,+,,0.756737,+
36,208,Undirected,392,+,,0.861044,+
36,213,Undirected,393,+,,0.78941,+
36,217,Undirected,394,+,,0.853814,+
36,221,Undirected,395,+,,0.848165,+
36,222,Undirected,396,+,,0.733292,+
36,234,Undirected,397,+,,0.836153,+
36,247,Undirected,398,+,,0.730644,+
36,259,Undirected,399,+,,0.753457,+
36,272,Undirected,400,+,,0.759903,+
36,290,Undirected,401,+,,0.773499,+
36,293,Undirected,402,+,,0.792631,+
36,295,Undirected,403,+,,0.925196,+
36,298,Undirected,404,+,,0.72874,+
36,316,Undirected,405,+,,0.806769,+
36,317,Undirected,406,+,,0.724563,+
36,332,Undirected,407,+,,0.846987,+
36,338,Undirected,408,+,,0.82604,+
36,339,Undirected,409,+,,0.75106,+
36,356,Undirected,410,+,,0.744655,+
36,357,Undirected,411,+,,0.851935,+
36,361,Undirected,412,+,,0.907373,+
36,369,Undirected,413,+,,0.850241,+
36,370,Undirected,414,+,,0.845504,+
36,371,Undirected,415,+,,0.82089,+
36,378,Undirected,416,+,,0.795884,+
36,383,Undirected,417,+,,0.730461,+
36,390,Undirected,418,+,,0.864306,+
36,403,Undirected,419,+,,0.83515,+
36,405,Undirected,420,+,,0.924005,+
36,416,Undirected,421,+,,0.75073,+
36,421,Undirected,422,+,,0.866361,+
36,422,Undirected,423,+,,0.754517,+
36,431,Undirected,424,+,,0.853094,+
36,435,Undirected,425,+,,0.780139,+
36,438,Undirected,426,+,,0.833779,+
36,451,Undirected,427,+,,0.90086,+
36,455,Undirected,428,+,,0.792477,+
36,457,Undirected,429,+,,0.800377,+
37,313,Undirected,430,+,,0.741126,+
38,253,Undirected,431,+,,0.734931,+
39,46,Undirected,432,+,,0.73122,+
39,79,Undirected,433,+,,0.73023,+
39,104,Undirected,434,+,,0.735109,+
39,163,Undirected,435,+,,0.761284,+
39,220,Undirected,436,+,,0.759736,+
39,327,Undirected,437,+,,0.772579,+
39,364,Undirected,438,+,,0.753747,+
39,389,Undirected,439,+,,0.731269,+
39,468,Undirected,440,+,,0.761536,+
40,82,Undirected,441,+,,0.749353,+
40,227,Undirected,442,+,,0.735198,+
40,432,Undirected,443,+,,0.732482,+
41,92,Undirected,444,+,,0.803035,+
41,107,Undirected,445,+,,0.73582,+
41,139,Undirected,446,+,,0.723129,+
41,149,Undirected,447,+,,0.825261,+
41,167,Undirected,448,+,,0.785455,+
41,192,Undirected,449,+,,0.740802,+
41,211,Undirected,450,+,,0.794319,+
41,244,Undirected,451,+,,0.723587,+
41,299,Undirected,452,+,,0.768229,+
41,310,Undirected,453,+,,0.823611,+
41,400,Undirected,454,+,,0.732174,+
42,262,Undirected,455,+,,0.776072,+
42,318,Undirected,456,+,,0.730451,+
42,330,Undirected,457,+,,0.745054,+
42,386,Undirected,458,+,,0.731308,+
42,404,Undirected,459,+,,0.723651,+
42,418,Undirected,460,+,,0.765655,+
42,437,Undirected,461,+,,0.723403,+
43,114,Undirected,462,+,,0.763162,+
43,155,Undirected,463,+,,0.723815,+
43,237,Undirected,464,+,,0.721649,+
43,243,Undirected,465,+,,0.724572,+
43,359,Undirected,466,+,,0.75139,+
43,381,Undirected,467,+,,0.763753,+
43,386,Undirected,468,+,,0.731477,+
43,387,Undirected,469,+,,0.72863,+
43,404,Undirected,470,+,,0.747182,+
43,418,Undirected,471,+,,0.737427,+
43,427,Undirected,472,+,,0.741984,+
44,52,Undirected,473,+,,0.780711,+
44,76,Undirected,474,+,,0.754802,+
44,144,Undirected,475,+,,0.72115,+
44,146,Undirected,476,+,,0.724371,+
44,206,Undirected,477,+,,0.778106,+
44,295,Undirected,478,+,,0.751245,+
44,339,Undirected,479,+,,0.843628,+
44,343,Undirected,480,+,,0.726267,+
44,344,Undirected,481,+,,0.741057,+
44,360,Undirected,482,+,,0.764978,+
44,361,Undirected,483,+,,0.725528,+
44,370,Undirected,484,+,,0.753331,+
44,390,Undirected,485,+,,0.721419,+
44,403,Undirected,486,+,,0.768913,+
44,405,Undirected,487,+,,0.730595,+
44,455,Undirected,488,+,,0.879645,+
45,96,Undirected,489,-,,0.720066,-
45,97,Undirected,490,-,,0.758412,-
45,118,Undirected,491,-,,0.767322,-
45,164,Undirected,492,+,,0.86895,+
45,182,Undirected,493,+,,0.739518,+
45,185,Undirected,494,-,,0.735169,-
45,218,Undirected,495,-,,0.767989,-
45,247,Undirected,496,+,,0.728813,+
45,264,Undirected,497,-,,0.724285,-
45,288,Undirected,498,+,,0.761007,+
45,324,Undirected,499,-,,0.781521,-
45,350,Undirected,500,+,,0.767856,+
45,356,Undirected,501,+,,0.744646,+
45,371,Undirected,502,+,,0.799406,+
45,375,Undirected,503,+,,0.720952,+
45,416,Undirected,504,+,,0.740905,+
45,422,Undirected,505,+,,0.755286,+
45,430,Undirected,506,+,,0.808555,+
45,450,Undirected,507,+,,0.860871,+
45,472,Undirected,508,+,,0.79753,+
46,72,Undirected,509,+,,0.757543,+
46,75,Undirected,510,+,,0.766127,+
46,96,Undirected,511,+,,0.756414,+
46,97,Undirected,512,+,,0.797629,+
46,155,Undirected,513,+,,0.764254,+
46,163,Undirected,514,+,,0.844469,+
46,164,Undirected,515,-,,0.789465,-
46,185,Undirected,516,+,,0.729022,+
46,215,Undirected,517,-,,0.784499,-
46,216,Undirected,518,+,,0.720044,+
46,220,Undirected,519,+,,0.82384,+
46,224,Undirected,520,+,,0.771612,+
46,239,Undirected,521,+,,0.810729,+
46,257,Undirected,522,-,,0.815537,-
46,263,Undirected,523,-,,0.731888,-
46,264,Undirected,524,+,,0.814835,+
46,268,Undirected,525,+,,0.75221,+
46,271,Undirected,526,+,,0.783039,+
46,276,Undirected,527,+,,0.826801,+
46,284,Undirected,528,-,,0.817095,-
46,324,Undirected,529,+,,0.751434,+
46,327,Undirected,530,+,,0.798297,+
46,364,Undirected,531,+,,0.779176,+
46,389,Undirected,532,+,,0.824807,+
46,429,Undirected,533,+,,0.848251,+
46,445,Undirected,534,-,,0.727092,-
46,447,Undirected,535,+,,0.802681,+
46,468,Undirected,536,+,,0.76447,+
46,471,Undirected,537,+,,0.849296,+
46,472,Undirected,538,-,,0.782637,-
47,95,Undirected,539,+,,0.751705,+
47,413,Undirected,540,+,,0.771841,+
48,122,Undirected,541,+,,0.760437,+
48,154,Undirected,542,+,,0.735324,+
48,181,Undirected,543,+,,0.734707,+
48,197,Undirected,544,+,,0.745566,+
48,202,Undirected,545,+,,0.7692,+
48,208,Undirected,546,+,,0.723829,+
48,248,Undirected,547,+,,0.722335,+
48,295,Undirected,548,+,,0.745255,+
48,362,Undirected,549,+,,0.723097,+
48,438,Undirected,550,+,,0.822853,+
48,457,Undirected,551,+,,0.844341,+
48,460,Undirected,552,+,,0.728274,+
49,56,Undirected,553,+,,0.891086,+
49,134,Undirected,554,+,,0.8434,+
49,146,Undirected,555,+,,0.733851,+
49,165,Undirected,556,+,,0.796449,+
49,177,Undirected,557,+,,0.762383,+
49,194,Undirected,558,+,,0.753151,+
49,201,Undirected,559,+,,0.821727,+
49,217,Undirected,560,+,,0.778294,+
49,234,Undirected,561,+,,0.777906,+
49,247,Undirected,562,+,,0.920875,+
49,316,Undirected,563,+,,0.744339,+
49,332,Undirected,564,+,,0.724622,+
49,356,Undirected,565,+,,0.858689,+
49,361,Undirected,566,+,,0.770253,+
49,370,Undirected,567,+,,0.741772,+
49,371,Undirected,568,+,,0.788112,+
49,383,Undirected,569,+,,0.917716,+
49,405,Undirected,570,+,,0.779848,+
49,416,Undirected,571,+,,0.743425,+
49,431,Undirected,572,+,,0.733639,+
49,472,Undirected,573,+,,0.757685,+
50,419,Undirected,574,+,,0.770895,+
51,122,Undirected,575,+,,0.774073,+
52,144,Undirected,576,+,,0.766583,+
52,337,Undirected,577,+,,0.755614,+
52,343,Undirected,578,+,,0.776144,+
52,350,Undirected,579,+,,0.723657,+
52,455,Undirected,580,+,,0.74478,+
53,365,Undirected,581,+,,0.792371,+
54,111,Undirected,582,+,,0.848172,+
54,279,Undirected,583,+,,0.741456,+
55,76,Undirected,584,+,,0.73423,+
55,122,Undirected,585,+,,0.744635,+
55,140,Undirected,586,+,,0.840546,+
55,146,Undirected,587,+,,0.878546,+
55,165,Undirected,588,+,,0.744939,+
55,181,Undirected,589,+,,0.789107,+
55,194,Undirected,590,+,,0.732737,+
55,208,Undirected,591,+,,0.830757,+
55,217,Undirected,592,+,,0.810912,+
55,221,Undirected,593,+,,0.75319,+
55,222,Undirected,594,+,,0.720143,+
55,234,Undirected,595,+,,0.798432,+
55,259,Undirected,596,+,,0.722863,+
55,290,Undirected,597,+,,0.724925,+
55,293,Undirected,598,+,,0.810688,+
55,295,Undirected,599,+,,0.82837,+
55,316,Undirected,600,+,,0.773956,+
55,332,Undirected,601,+,,0.799109,+
55,338,Undirected,602,+,,0.763684,+
55,357,Undirected,603,+,,0.782502,+
55,361,Undirected,604,+,,0.840964,+
55,369,Undirected,605,+,,0.776738,+
55,370,Undirected,606,+,,0.784855,+
55,371,Undirected,607,+,,0.829775,+
55,378,Undirected,608,+,,0.742808,+
55,390,Undirected,609,+,,0.805293,+
55,403,Undirected,610,+,,0.795876,+
55,405,Undirected,611,+,,0.875455,+
55,416,Undirected,612,+,,0.72272,+
55,421,Undirected,613,+,,0.808382,+
55,422,Undirected,614,+,,0.744528,+
55,431,Undirected,615,+,,0.80221,+
55,435,Undirected,616,+,,0.736898,+
55,438,Undirected,617,+,,0.753125,+
55,451,Undirected,618,+,,0.849132,+
55,455,Undirected,619,+,,0.735207,+
55,457,Undirected,620,+,,0.734014,+
56,134,Undirected,621,+,,0.786021,+
56,146,Undirected,622,+,,0.771879,+
56,165,Undirected,623,+,,0.810156,+
56,177,Undirected,624,+,,0.746466,+
56,194,Undirected,625,+,,0.781042,+
56,201,Undirected,626,+,,0.758651,+
56,217,Undirected,627,+,,0.782156,+
56,234,Undirected,628,+,,0.775351,+
56,247,Undirected,629,+,,0.862118,+
56,295,Undirected,630,+,,0.721282,+
56,316,Undirected,631,+,,0.724983,+
56,356,Undirected,632,+,,0.823555,+
56,361,Undirected,633,+,,0.760892,+
56,370,Undirected,634,+,,0.747191,+
56,371,Undirected,635,+,,0.797383,+
56,383,Undirected,636,+,,0.854187,+
56,403,Undirected,637,+,,0.731321,+
56,405,Undirected,638,+,,0.78453,+
56,416,Undirected,639,+,,0.806185,+
56,431,Undirected,640,+,,0.745925,+
56,472,Undirected,641,+,,0.756388,+
57,136,Undirected,642,+,,0.741875,+
57,274,Undirected,643,+,,0.756109,+
58,116,Undirected,644,+,,0.855666,+
58,202,Undirected,645,+,,0.840863,+
58,419,Undirected,646,+,,0.758586,+
59,407,Undirected,647,+,,0.743953,+
59,434,Undirected,648,+,,0.738171,+
60,84,Undirected,649,+,,0.744876,+
61,270,Undirected,650,+,,0.870895,+
61,336,Undirected,651,+,,0.783272,+
62,447,Undirected,652,+,,0.721351,+
62,467,Undirected,653,+,,0.725766,+
63,241,Undirected,654,+,,0.756222,+
65,76,Undirected,655,+,,0.735492,+
65,86,Undirected,656,+,,0.721446,+
65,90,Undirected,657,+,,0.768768,+
65,141,Undirected,658,+,,0.722711,+
65,371,Undirected,659,+,,0.727207,+
66,125,Undirected,660,+,,0.730607,+
66,241,Undirected,661,+,,0.754842,+
66,392,Undirected,662,+,,0.783075,+
67,170,Undirected,663,+,,0.789009,+
68,215,Undirected,664,+,,0.741363,+
68,415,Undirected,665,+,,0.731845,+
69,87,Undirected,666,+,,0.757198,+
69,137,Undirected,667,+,,0.781508,+
69,152,Undirected,668,+,,0.934573,+
69,196,Undirected,669,+,,0.842782,+
69,223,Undirected,670,+,,0.720089,+
69,240,Undirected,671,+,,0.851266,+
69,251,Undirected,672,+,,0.917646,+
69,335,Undirected,673,+,,0.998494,+
69,368,Undirected,674,+,,0.742222,+
69,463,Undirected,675,+,,0.749212,+
70,307,Undirected,676,+,,0.764095,+
71,219,Undirected,677,+,,0.766334,+
72,75,Undirected,678,+,,0.765112,+
72,114,Undirected,679,+,,0.821159,+
72,155,Undirected,680,+,,0.896945,+
72,163,Undirected,681,+,,0.831888,+
72,168,Undirected,682,+,,0.793897,+
72,183,Undirected,683,+,,0.724976,+
72,200,Undirected,684,+,,0.779476,+
72,219,Undirected,685,+,,0.731498,+
72,239,Undirected,686,+,,0.862723,+
72,243,Undirected,687,+,,0.823017,+
72,265,Undirected,688,+,,0.861661,+
72,268,Undirected,689,+,,0.919656,+
72,271,Undirected,690,+,,0.899448,+
72,276,Undirected,691,+,,0.828166,+
72,281,Undirected,692,+,,0.723906,+
72,289,Undirected,693,+,,0.828413,+
72,297,Undirected,694,+,,0.758758,+
72,318,Undirected,695,+,,0.778238,+
72,326,Undirected,696,+,,0.750831,+
72,330,Undirected,697,+,,0.805552,+
72,381,Undirected,698,+,,0.809099,+
72,389,Undirected,699,+,,0.769653,+
72,404,Undirected,700,+,,0.775737,+
72,418,Undirected,701,+,,0.742064,+
72,429,Undirected,702,+,,0.789384,+
72,437,Undirected,703,+,,0.764324,+
72,439,Undirected,704,+,,0.800702,+
72,461,Undirected,705,+,,0.798184,+
72,468,Undirected,706,+,,0.739962,+
72,471,Undirected,707,+,,0.731743,+
73,286,Undirected,708,+,,0.772032,+
74,246,Undirected,709,+,,0.721483,+
74,419,Undirected,710,+,,0.726641,+
75,163,Undirected,711,+,,0.778518,+
75,200,Undirected,712,+,,0.739766,+
75,239,Undirected,713,+,,0.734925,+
75,271,Undirected,714,+,,0.730032,+
75,276,Undirected,715,+,,0.83892,+
75,429,Undirected,716,+,,0.793047,+
75,471,Undirected,717,+,,0.775844,+
76,140,Undirected,718,+,,0.732464,+
76,141,Undirected,719,+,,0.786687,+
76,146,Undirected,720,+,,0.811545,+
76,201,Undirected,721,+,,0.743899,+
76,206,Undirected,722,+,,0.750236,+
76,217,Undirected,723,+,,0.736201,+
76,221,Undirected,724,+,,0.752271,+
76,295,Undirected,725,+,,0.805865,+
76,332,Undirected,726,+,,0.80867,+
76,339,Undirected,727,+,,0.8194,+
76,344,Undirected,728,+,,0.798729,+
76,356,Undirected,729,+,,0.724388,+
76,361,Undirected,730,+,,0.85074,+
76,370,Undirected,731,+,,0.830764,+
76,371,Undirected,732,+,,0.723445,+
76,390,Undirected,733,+,,0.743727,+
76,401,Undirected,734,+,,0.732579,+
76,403,Undirected,735,+,,0.828711,+
76,405,Undirected,736,+,,0.826213,+
76,431,Undirected,737,+,,0.783599,+
76,451,Undirected,738,+,,0.753946,+
76,455,Undirected,739,+,,0.898758,+
77,142,Undirected,740,+,,0.734569,+
77,252,Undirected,741,+,,0.759014,+
77,315,Undirected,742,+,,0.724702,+
77,379,Undirected,743,+,,0.75877,+
77,393,Undirected,744,+,,0.762473,+
78,92,Undirected,745,+,,0.740277,+
78,99,Undirected,746,+,,0.721383,+
78,138,Undirected,747,+,,0.743507,+
78,139,Undirected,748,+,,0.736566,+
78,149,Undirected,749,+,,0.749344,+
78,156,Undirected,750,+,,0.757781,+
78,162,Undirected,751,+,,0.817667,+
78,215,Undirected,752,+,,0.754613,+
78,228,Undirected,753,+,,0.725422,+
78,257,Undirected,754,+,,0.776799,+
78,263,Undirected,755,+,,0.763219,+
78,284,Undirected,756,+,,0.81576,+
78,299,Undirected,757,+,,0.815405,+
78,310,Undirected,758,+,,0.770185,+
78,334,Undirected,759,+,,0.788465,+
78,358,Undirected,760,+,,0.731795,+
78,415,Undirected,761,+,,0.846345,+
78,459,Undirected,762,+,,0.722483,+
79,97,Undirected,763,+,,0.743462,+
79,104,Undirected,764,+,,0.726145,+
79,163,Undirected,765,+,,0.734666,+
79,216,Undirected,766,+,,0.756004,+
79,220,Undirected,767,+,,0.758641,+
79,327,Undirected,768,+,,0.757706,+
79,364,Undirected,769,+,,0.761456,+
79,389,Undirected,770,+,,0.770008,+
79,447,Undirected,771,+,,0.755799,+
79,467,Undirected,772,+,,0.807731,+
80,135,Undirected,773,+,,0.749078,+
80,178,Undirected,774,+,,0.750296,+
80,197,Undirected,775,+,,0.779792,+
80,202,Undirected,776,+,,0.73121,+
80,213,Undirected,777,+,,0.752062,+
80,362,Undirected,778,+,,0.801883,+
80,397,Undirected,779,+,,0.777896,+
81,137,Undirected,780,+,,0.758553,+
81,168,Undirected,781,+,,0.726238,+
81,223,Undirected,782,+,,0.772201,+
81,308,Undirected,783,+,,0.740654,+
81,318,Undirected,784,+,,0.787346,+
81,359,Undirected,785,+,,0.751868,+
81,418,Undirected,786,+,,0.793092,+
82,180,Undirected,787,+,,0.742333,+
83,102,Undirected,788,+,,0.825428,+
83,137,Undirected,789,+,,0.786799,+
83,151,Undirected,790,+,,0.760286,+
83,237,Undirected,791,+,,0.841295,+
83,251,Undirected,792,+,,0.773551,+
83,255,Undirected,793,+,,0.843458,+
83,329,Undirected,794,+,,0.923423,+
83,368,Undirected,795,+,,0.740158,+
83,387,Undirected,796,+,,0.847844,+
84,119,Undirected,797,+,,0.804398,+
84,204,Undirected,798,+,,0.744604,+
84,417,Undirected,799,+,,0.819798,+
85,115,Undirected,800,+,,0.723949,+
85,172,Undirected,801,+,,0.724164,+
87,152,Undirected,802,+,,0.720438,+
87,189,Undirected,803,+,,0.880907,+
87,196,Undirected,804,+,,0.898512,+
87,240,Undirected,805,+,,0.898187,+
87,251,Undirected,806,+,,0.824134,+
87,280,Undirected,807,+,,0.824147,+
87,308,Undirected,808,+,,0.763099,+
87,319,Undirected,809,+,,0.800136,+
87,335,Undirected,810,+,,0.747939,+
87,428,Undirected,811,+,,0.864237,+
88,184,Undirected,812,+,,0.80108,+
89,166,Undirected,813,+,,0.75837,+
90,141,Undirected,814,+,,0.769723,+
91,396,Undirected,815,+,,0.739022,+
92,107,Undirected,816,+,,0.794422,+
92,138,Undirected,817,+,,0.771493,+
92,139,Undirected,818,+,,0.807157,+
92,149,Undirected,819,+,,0.841969,+
92,167,Undirected,820,+,,0.770839,+
92,211,Undirected,821,+,,0.761261,+
92,244,Undirected,822,+,,0.750563,+
92,266,Undirected,823,+,,0.758898,+
92,299,Undirected,824,+,,0.740609,+
92,310,Undirected,825,+,,0.780227,+
92,400,Undirected,826,+,,0.81757,+
92,415,Undirected,827,+,,0.764812,+
94,103,Undirected,828,+,,0.762979,+
94,155,Undirected,829,+,,0.751172,+
94,200,Undirected,830,+,,0.769906,+
94,219,Undirected,831,+,,0.776367,+
94,243,Undirected,832,+,,0.744872,+
94,265,Undirected,833,+,,0.76733,+
94,281,Undirected,834,+,,0.748802,+
94,289,Undirected,835,+,,0.794805,+
94,318,Undirected,836,+,,0.797626,+
94,321,Undirected,837,+,,0.756144,+
94,330,Undirected,838,+,,0.828499,+
94,372,Undirected,839,+,,0.796779,+
94,404,Undirected,840,+,,0.744373,+
94,418,Undirected,841,+,,0.739656,+
94,437,Undirected,842,+,,0.763525,+
94,461,Undirected,843,+,,0.81246,+
96,97,Undirected,844,+,,0.84094,+
96,118,Undirected,845,+,,0.828133,+
96,148,Undirected,846,+,,0.734293,+
96,164,Undirected,847,-,,0.762214,-
96,185,Undirected,848,+,,0.751636,+
96,216,Undirected,849,+,,0.754001,+
96,220,Undirected,850,+,,0.75716,+
96,257,Undirected,851,-,,0.739969,-
96,264,Undirected,852,+,,0.791473,+
96,324,Undirected,853,+,,0.837083,+
96,327,Undirected,854,+,,0.777939,+
96,345,Undirected,855,+,,0.768302,+
96,364,Undirected,856,+,,0.789257,+
96,429,Undirected,857,+,,0.782145,+
96,447,Undirected,858,+,,0.807748,+
96,467,Undirected,859,+,,0.725622,+
96,471,Undirected,860,+,,0.720791,+
96,472,Undirected,861,-,,0.783939,-
97,104,Undirected,862,+,,0.79818,+
97,118,Undirected,863,+,,0.859803,+
97,148,Undirected,864,+,,0.753584,+
97,163,Undirected,865,+,,0.757094,+
97,164,Undirected,866,-,,0.823202,-
97,185,Undirected,867,+,,0.795566,+
97,216,Undirected,868,+,,0.796106,+
97,218,Undirected,869,+,,0.754485,+
97,220,Undirected,870,+,,0.894596,+
97,239,Undirected,871,+,,0.746698,+
97,245,Undirected,872,+,,0.735369,+
97,257,Undirected,873,-,,0.807444,-
97,264,Undirected,874,+,,0.854194,+
97,276,Undirected,875,+,,0.73634,+
97,284,Undirected,876,-,,0.748565,-
97,324,Undirected,877,+,,0.899085,+
97,327,Undirected,878,+,,0.81757,+
97,345,Undirected,879,+,,0.836145,+
97,364,Undirected,880,+,,0.802503,+
97,371,Undirected,881,-,,0.721722,-
97,389,Undirected,882,+,,0.76036,+
97,429,Undirected,883,+,,0.846736,+
97,447,Undirected,884,+,,0.854289,+
97,450,Undirected,885,-,,0.745742,-
97,467,Undirected,886,+,,0.736674,+
97,471,Undirected,887,+,,0.805266,+
97,472,Undirected,888,-,,0.812575,-
98,108,Undirected,889,+,,0.818894,+
98,210,Undirected,890,+,,0.733682,+
98,235,Undirected,891,+,,0.827591,+
98,425,Undirected,892,+,,0.780645,+
99,149,Undirected,893,+,,0.722537,+
99,415,Undirected,894,+,,0.723673,+
100,205,Undirected,895,+,,0.743949,+
101,347,Undirected,896,+,,0.730933,+
102,255,Undirected,897,+,,0.777641,+
103,155,Undirected,898,+,,0.792186,+
103,163,Undirected,899,+,,0.753127,+
103,168,Undirected,900,+,,0.765139,+
103,200,Undirected,901,+,,0.803682,+
103,232,Undirected,902,+,,0.748604,+
103,243,Undirected,903,+,,0.801736,+
103,265,Undirected,904,+,,0.813779,+
103,268,Undirected,905,+,,0.776827,+
103,271,Undirected,906,+,,0.751739,+
103,276,Undirected,907,+,,0.736576,+
103,281,Undirected,908,+,,0.726112,+
103,289,Undirected,909,+,,0.730128,+
103,297,Undirected,910,+,,0.722733,+
103,321,Undirected,911,+,,0.746001,+
103,330,Undirected,912,+,,0.754606,+
103,351,Undirected,913,+,,0.728568,+
103,381,Undirected,914,+,,0.818824,+
103,389,Undirected,915,+,,0.738805,+
103,404,Undirected,916,+,,0.862806,+
103,437,Undirected,917,+,,0.760963,+
103,461,Undirected,918,+,,0.737763,+
104,220,Undirected,919,+,,0.828035,+
104,264,Undirected,920,+,,0.73278,+
104,324,Undirected,921,+,,0.731044,+
104,345,Undirected,922,+,,0.754689,+
104,429,Undirected,923,+,,0.733268,+
104,447,Undirected,924,+,,0.787494,+
105,279,Undirected,925,+,,0.834682,+
106,129,Undirected,926,+,,0.72562,+
106,209,Undirected,927,+,,0.766437,+
107,149,Undirected,928,+,,0.83659,+
107,167,Undirected,929,+,,0.788569,+
107,211,Undirected,930,+,,0.758793,+
107,299,Undirected,931,+,,0.763153,+
107,310,Undirected,932,+,,0.77274,+
107,415,Undirected,933,+,,0.749578,+
108,210,Undirected,934,+,,0.78104,+
108,235,Undirected,935,+,,0.772326,+
108,425,Undirected,936,+,,0.737518,+
109,275,Undirected,937,+,,0.723776,+
109,396,Undirected,938,+,,0.789193,+
110,214,Undirected,939,+,,0.743216,+
110,396,Undirected,940,+,,0.749402,+
111,279,Undirected,941,+,,0.739007,+
112,449,Undirected,942,+,,0.736099,+
113,258,Undirected,943,+,,0.725792,+
113,414,Undirected,944,+,,0.777576,+
114,155,Undirected,945,+,,0.789255,+
114,159,Undirected,946,+,,0.763353,+
114,163,Undirected,947,+,,0.74728,+
114,183,Undirected,948,+,,0.733421,+
114,224,Undirected,949,+,,0.737953,+
114,239,Undirected,950,+,,0.737123,+
114,243,Undirected,951,+,,0.846829,+
114,265,Undirected,952,+,,0.803962,+
114,268,Undirected,953,+,,0.817124,+
114,271,Undirected,954,+,,0.815177,+
114,276,Undirected,955,+,,0.731998,+
114,289,Undirected,956,+,,0.821499,+
114,297,Undirected,957,+,,0.798605,+
114,318,Undirected,958,+,,0.79263,+
114,354,Undirected,959,+,,0.759341,+
114,381,Undirected,960,+,,0.745472,+
114,404,Undirected,961,+,,0.803345,+
114,418,Undirected,962,+,,0.758859,+
114,439,Undirected,963,+,,0.750766,+
116,202,Undirected,964,+,,0.727175,+
116,419,Undirected,965,+,,0.759261,+
117,233,Undirected,966,+,,0.752139,+
117,306,Undirected,967,+,,0.765757,+
118,120,Undirected,968,+,,0.796595,+
118,164,Undirected,969,-,,0.784268,-
118,185,Undirected,970,+,,0.743554,+
118,218,Undirected,971,+,,0.766028,+
118,220,Undirected,972,+,,0.722523,+
118,242,Undirected,973,+,,0.782935,+
118,257,Undirected,974,-,,0.729088,-
118,324,Undirected,975,+,,0.856837,+
118,345,Undirected,976,+,,0.765903,+
118,371,Undirected,977,-,,0.746687,-
118,426,Undirected,978,+,,0.75636,+
118,429,Undirected,979,+,,0.747007,+
118,447,Undirected,980,+,,0.744626,+
118,472,Undirected,981,-,,0.761646,-
119,417,Undirected,982,+,,0.822344,+
120,132,Undirected,983,+,,0.754632,+
120,171,Undirected,984,+,,0.788964,+
120,188,Undirected,985,+,,0.738773,+
120,203,Undirected,986,+,,0.777885,+
120,242,Undirected,987,+,,0.810854,+
120,324,Undirected,988,+,,0.804194,+
120,346,Undirected,989,+,,0.740288,+
120,426,Undirected,990,+,,0.741632,+
121,395,Undirected,991,+,,0.804259,+
121,470,Undirected,992,+,,0.756032,+
122,135,Undirected,993,+,,0.826402,+
122,140,Undirected,994,+,,0.820942,+
122,146,Undirected,995,+,,0.731986,+
122,154,Undirected,996,+,,0.879768,+
122,173,Undirected,997,+,,0.73739,+
122,181,Undirected,998,+,,0.842702,+
122,197,Undirected,999,+,,0.791584,+
122,208,Undirected,1000,+,,0.837175,+
122,213,Undirected,1001,+,,0.811682,+
122,234,Undirected,1002,+,,0.731473,+
122,295,Undirected,1003,+,,0.750465,+
122,317,Undirected,1004,+,,0.78836,+
122,325,Undirected,1005,+,,0.727939,+
122,338,Undirected,1006,+,,0.764019,+
122,357,Undirected,1007,+,,0.824167,+
122,369,Undirected,1008,+,,0.737091,+
122,377,Undirected,1009,+,,0.74223,+
122,397,Undirected,1010,+,,0.775439,+
122,405,Undirected,1011,+,,0.746514,+
122,407,Undirected,1012,+,,0.720601,+
122,421,Undirected,1013,+,,0.88173,+
122,435,Undirected,1014,+,,0.774665,+
122,438,Undirected,1015,+,,0.74228,+
122,451,Undirected,1016,+,,0.733329,+
122,457,Undirected,1017,+,,0.8294,+
122,473,Undirected,1018,+,,0.729846,+
123,198,Undirected,1019,+,,0.786769,+
123,355,Undirected,1020,+,,0.765016,+
124,177,Undirected,1021,+,,0.742013,+
124,194,Undirected,1022,+,,0.728272,+
124,446,Undirected,1023,+,,0.790976,+
125,230,Undirected,1024,+,,0.757224,+
125,236,Undirected,1025,+,,0.736524,+
125,241,Undirected,1026,+,,0.894402,+
125,333,Undirected,1027,+,,0.829325,+
125,392,Undirected,1028,+,,0.760173,+
125,450,Undirected,1029,-,,0.721192,-
126,287,Undirected,1030,+,,0.753635,+
127,223,Undirected,1031,+,,0.795147,+
127,237,Undirected,1032,+,,0.726575,+
127,321,Undirected,1033,+,,0.721089,+
127,368,Undirected,1034,+,,0.810835,+
127,386,Undirected,1035,+,,0.791328,+
127,404,Undirected,1036,+,,0.748228,+
127,418,Undirected,1037,+,,0.739519,+
127,436,Undirected,1038,+,,0.742873,+
128,324,Undirected,1039,+,,0.733402,+
128,467,Undirected,1040,+,,0.734094,+
129,209,Undirected,1041,+,,0.751085,+
129,331,Undirected,1042,+,,0.755536,+
130,236,Undirected,1043,+,,0.793833,+
130,241,Undirected,1044,+,,0.769762,+
130,333,Undirected,1045,+,,0.770294,+
131,270,Undirected,1046,+,,0.821529,+
132,186,Undirected,1047,+,,0.729123,+
132,242,Undirected,1048,+,,0.757027,+
133,169,Undirected,1049,+,,0.869814,+
133,249,Undirected,1050,+,,0.853084,+
133,292,Undirected,1051,+,,0.777043,+
133,380,Undirected,1052,+,,0.99988,+
133,424,Undirected,1053,+,,0.870126,+
134,164,Undirected,1054,+,,0.720536,+
134,165,Undirected,1055,+,,0.730182,+
134,201,Undirected,1056,+,,0.809869,+
134,217,Undirected,1057,+,,0.737635,+
134,234,Undirected,1058,+,,0.737216,+
134,247,Undirected,1059,+,,0.892563,+
134,267,Undirected,1060,+,,0.752674,+
134,356,Undirected,1061,+,,0.831511,+
134,361,Undirected,1062,+,,0.740517,+
134,370,Undirected,1063,+,,0.732222,+
134,371,Undirected,1064,+,,0.802974,+
134,383,Undirected,1065,+,,0.906119,+
134,405,Undirected,1066,+,,0.750909,+
134,416,Undirected,1067,+,,0.754143,+
134,431,Undirected,1068,+,,0.73206,+
134,472,Undirected,1069,+,,0.723916,+
135,140,Undirected,1070,+,,0.790928,+
135,146,Undirected,1071,+,,0.769145,+
135,154,Undirected,1072,+,,0.770365,+
135,173,Undirected,1073,+,,0.784161,+
135,177,Undirected,1074,+,,0.723639,+
135,178,Undirected,1075,+,,0.762938,+
135,181,Undirected,1076,+,,0.854237,+
135,187,Undirected,1077,+,,0.791553,+
135,194,Undirected,1078,+,,0.763396,+
135,197,Undirected,1079,+,,0.849849,+
135,208,Undirected,1080,+,,0.746982,+
135,213,Undirected,1081,+,,0.930835,+
135,217,Undirected,1082,+,,0.752747,+
135,234,Undirected,1083,+,,0.79693,+
135,259,Undirected,1084,+,,0.722319,+
135,293,Undirected,1085,+,,0.754379,+
135,295,Undirected,1086,+,,0.751735,+
135,317,Undirected,1087,+,,0.726296,+
135,338,Undirected,1088,+,,0.808155,+
135,357,Undirected,1089,+,,0.78806,+
135,361,Undirected,1090,+,,0.733591,+
135,362,Undirected,1091,+,,0.722529,+
135,377,Undirected,1092,+,,0.791809,+
135,397,Undirected,1093,+,,0.849744,+
135,405,Undirected,1094,+,,0.746313,+
135,421,Undirected,1095,+,,0.799595,+
135,435,Undirected,1096,+,,0.841838,+
135,457,Undirected,1097,+,,0.788229,+
135,473,Undirected,1098,+,,0.799086,+
136,306,Undirected,1099,+,,0.740076,+
137,151,Undirected,1100,+,,0.863521,+
137,152,Undirected,1101,+,,0.726631,+
137,168,Undirected,1102,+,,0.728143,+
137,219,Undirected,1103,+,,0.857791,+
137,223,Undirected,1104,+,,0.821254,+
137,237,Undirected,1105,+,,0.850975,+
137,243,Undirected,1106,+,,0.750308,+
137,251,Undirected,1107,+,,0.730284,+
137,256,Undirected,1108,+,,0.764975,+
137,262,Undirected,1109,+,,0.722463,+
137,280,Undirected,1110,+,,0.745923,+
137,289,Undirected,1111,+,,0.763798,+
137,308,Undirected,1112,+,,0.807082,+
137,318,Undirected,1113,+,,0.771444,+
137,329,Undirected,1114,+,,0.73329,+
137,330,Undirected,1115,+,,0.728001,+
137,335,Undirected,1116,+,,0.780348,+
137,349,Undirected,1117,+,,0.751555,+
137,359,Undirected,1118,+,,0.809592,+
137,368,Undirected,1119,+,,0.925346,+
137,386,Undirected,1120,+,,0.815444,+
137,387,Undirected,1121,+,,0.852014,+
137,404,Undirected,1122,+,,0.783268,+
137,418,Undirected,1123,+,,0.84531,+
137,437,Undirected,1124,+,,0.765731,+
137,443,Undirected,1125,+,,0.790138,+
137,461,Undirected,1126,+,,0.736792,+
138,139,Undirected,1127,+,,0.720991,+
138,149,Undirected,1128,+,,0.777942,+
138,167,Undirected,1129,+,,0.720236,+
138,266,Undirected,1130,+,,0.723285,+
138,284,Undirected,1131,+,,0.752986,+
138,299,Undirected,1132,+,,0.763346,+
138,310,Undirected,1133,+,,0.793642,+
138,334,Undirected,1134,+,,0.798003,+
138,358,Undirected,1135,+,,0.728658,+
138,415,Undirected,1136,+,,0.804679,+
139,149,Undirected,1137,+,,0.752412,+
139,167,Undirected,1138,+,,0.731705,+
139,266,Undirected,1139,+,,0.737062,+
139,299,Undirected,1140,+,,0.724161,+
139,310,Undirected,1141,+,,0.727485,+
139,400,Undirected,1142,+,,0.736672,+
140,141,Undirected,1143,+,,0.729526,+
140,146,Undirected,1144,+,,0.862971,+
140,154,Undirected,1145,+,,0.765123,+
140,165,Undirected,1146,+,,0.759131,+
140,172,Undirected,1147,+,,0.739953,+
140,181,Undirected,1148,+,,0.817001,+
140,194,Undirected,1149,+,,0.759818,+
140,197,Undirected,1150,+,,0.781853,+
140,208,Undirected,1151,+,,0.859643,+
140,213,Undirected,1152,+,,0.81065,+
140,217,Undirected,1153,+,,0.806913,+
140,221,Undirected,1154,+,,0.741253,+
140,222,Undirected,1155,+,,0.722791,+
140,234,Undirected,1156,+,,0.772345,+
140,272,Undirected,1157,+,,0.756203,+
140,290,Undirected,1158,+,,0.720964,+
140,293,Undirected,1159,+,,0.759948,+
140,295,Undirected,1160,+,,0.901997,+
140,298,Undirected,1161,+,,0.727971,+
140,316,Undirected,1162,+,,0.750772,+
140,332,Undirected,1163,+,,0.784331,+
140,338,Undirected,1164,+,,0.841837,+
140,357,Undirected,1165,+,,0.813041,+
140,361,Undirected,1166,+,,0.842554,+
140,369,Undirected,1167,+,,0.824736,+
140,370,Undirected,1168,+,,0.815157,+
140,371,Undirected,1169,+,,0.768654,+
140,378,Undirected,1170,+,,0.776854,+
140,390,Undirected,1171,+,,0.856827,+
140,403,Undirected,1172,+,,0.762481,+
140,405,Undirected,1173,+,,0.861494,+
140,421,Undirected,1174,+,,0.82475,+
140,422,Undirected,1175,+,,0.731183,+
140,431,Undirected,1176,+,,0.792157,+
140,435,Undirected,1177,+,,0.788248,+
140,438,Undirected,1178,+,,0.797253,+
140,451,Undirected,1179,+,,0.860501,+
140,455,Undirected,1180,+,,0.736477,+
140,457,Undirected,1181,+,,0.798138,+
141,146,Undirected,1182,+,,0.78295,+
141,217,Undirected,1183,+,,0.727754,+
141,221,Undirected,1184,+,,0.722281,+
141,295,Undirected,1185,+,,0.796191,+
141,339,Undirected,1186,+,,0.775403,+
141,344,Undirected,1187,+,,0.763968,+
141,361,Undirected,1188,+,,0.788783,+
141,370,Undirected,1189,+,,0.784029,+
141,390,Undirected,1190,+,,0.747466,+
141,401,Undirected,1191,+,,0.724047,+
141,403,Undirected,1192,+,,0.741081,+
141,405,Undirected,1193,+,,0.78693,+
141,455,Undirected,1194,+,,0.809925,+
143,188,Undirected,1195,+,,0.813993,+
143,227,Undirected,1196,+,,0.782355,+
143,346,Undirected,1197,+,,0.747319,+
144,277,Undirected,1198,+,,0.727531,+
144,295,Undirected,1199,+,,0.723424,+
144,339,Undirected,1200,+,,0.734442,+
144,370,Undirected,1201,+,,0.755661,+
144,371,Undirected,1202,+,,0.751251,+
144,390,Undirected,1203,+,,0.74219,+
144,403,Undirected,1204,+,,0.735604,+
144,405,Undirected,1205,+,,0.764966,+
144,455,Undirected,1206,+,,0.736067,+
145,211,Undirected,1207,+,,0.729147,+
145,458,Undirected,1208,+,,0.726657,+
146,165,Undirected,1209,+,,0.788918,+
146,177,Undirected,1210,+,,0.724682,+
146,181,Undirected,1211,+,,0.791722,+
146,194,Undirected,1212,+,,0.790375,+
146,201,Undirected,1213,+,,0.767398,+
146,208,Undirected,1214,+,,0.839632,+
146,213,Undirected,1215,+,,0.736868,+
146,217,Undirected,1216,+,,0.865439,+
146,221,Undirected,1217,+,,0.841695,+
146,234,Undirected,1218,+,,0.845077,+
146,247,Undirected,1219,+,,0.750836,+
146,259,Undirected,1220,+,,0.729316,+
146,272,Undirected,1221,+,,0.761522,+
146,290,Undirected,1222,+,,0.736363,+
146,293,Undirected,1223,+,,0.831318,+
146,295,Undirected,1224,+,,0.918039,+
146,316,Undirected,1225,+,,0.784316,+
146,332,Undirected,1226,+,,0.835862,+
146,339,Undirected,1227,+,,0.825877,+
146,356,Undirected,1228,+,,0.73464,+
146,357,Undirected,1229,+,,0.743812,+
146,361,Undirected,1230,+,,0.930318,+
146,369,Undirected,1231,+,,0.787026,+
146,370,Undirected,1232,+,,0.8717,+
146,371,Undirected,1233,+,,0.809229,+
146,383,Undirected,1234,+,,0.750219,+
146,390,Undirected,1235,+,,0.859159,+
146,403,Undirected,1236,+,,0.875251,+
146,405,Undirected,1237,+,,0.915527,+
146,416,Undirected,1238,+,,0.76369,+
146,421,Undirected,1239,+,,0.788814,+
146,422,Undirected,1240,+,,0.754842,+
146,431,Undirected,1241,+,,0.878509,+
146,435,Undirected,1242,+,,0.721543,+
146,438,Undirected,1243,+,,0.767552,+
146,451,Undirected,1244,+,,0.88638,+
146,455,Undirected,1245,+,,0.839249,+
146,457,Undirected,1246,+,,0.732995,+
148,324,Undirected,1247,+,,0.76537,+
149,167,Undirected,1248,+,,0.863076,+
149,207,Undirected,1249,+,,0.775095,+
149,211,Undirected,1250,+,,0.805014,+
149,215,Undirected,1251,+,,0.744213,+
149,244,Undirected,1252,+,,0.792985,+
149,266,Undirected,1253,+,,0.743613,+
149,299,Undirected,1254,+,,0.829147,+
149,301,Undirected,1255,+,,0.742991,+
149,310,Undirected,1256,+,,0.859794,+
149,400,Undirected,1257,+,,0.781598,+
149,415,Undirected,1258,+,,0.829161,+
150,347,Undirected,1259,+,,0.741459,+
151,159,Undirected,1260,+,,0.78454,+
151,168,Undirected,1261,+,,0.754933,+
151,200,Undirected,1262,+,,0.740713,+
151,219,Undirected,1263,+,,0.891745,+
151,237,Undirected,1264,+,,0.721472,+
151,268,Undirected,1265,+,,0.721587,+
151,289,Undirected,1266,+,,0.795134,+
151,308,Undirected,1267,+,,0.769808,+
151,318,Undirected,1268,+,,0.733231,+
151,322,Undirected,1269,+,,0.759913,+
151,330,Undirected,1270,+,,0.773099,+
151,359,Undirected,1271,+,,0.763503,+
151,368,Undirected,1272,+,,0.789843,+
151,372,Undirected,1273,+,,0.741483,+
151,384,Undirected,1274,+,,0.741337,+
151,386,Undirected,1275,+,,0.772536,+
151,387,Undirected,1276,+,,0.728314,+
151,404,Undirected,1277,+,,0.733976,+
151,418,Undirected,1278,+,,0.793676,+
151,437,Undirected,1279,+,,0.778514,+
151,439,Undirected,1280,+,,0.739366,+
151,443,Undirected,1281,+,,0.738184,+
151,461,Undirected,1282,+,,0.791278,+
152,196,Undirected,1283,+,,0.795555,+
152,237,Undirected,1284,+,,0.771014,+
152,240,Undirected,1285,+,,0.80184,+
152,251,Undirected,1286,+,,0.862913,+
152,335,Undirected,1287,+,,0.933232,+
152,368,Undirected,1288,+,,0.781513,+
152,386,Undirected,1289,+,,0.740086,+
152,387,Undirected,1290,+,,0.758834,+
152,463,Undirected,1291,+,,0.816044,+
153,384,Undirected,1292,+,,0.759183,+
154,181,Undirected,1293,+,,0.744655,+
154,208,Undirected,1294,+,,0.751403,+
154,213,Undirected,1295,+,,0.740029,+
154,295,Undirected,1296,+,,0.759802,+
154,357,Undirected,1297,+,,0.755745,+
154,362,Undirected,1298,+,,0.756333,+
154,421,Undirected,1299,+,,0.759878,+
154,433,Undirected,1300,+,,0.748227,+
154,451,Undirected,1301,+,,0.728968,+
154,457,Undirected,1302,+,,0.793238,+
155,163,Undirected,1303,+,,0.792758,+
155,168,Undirected,1304,+,,0.782333,+
155,183,Undirected,1305,+,,0.724006,+
155,200,Undirected,1306,+,,0.816248,+
155,219,Undirected,1307,+,,0.77244,+
155,223,Undirected,1308,+,,0.731253,+
155,239,Undirected,1309,+,,0.792513,+
155,243,Undirected,1310,+,,0.845955,+
155,265,Undirected,1311,+,,0.835725,+
155,268,Undirected,1312,+,,0.864396,+
155,271,Undirected,1313,+,,0.873957,+
155,276,Undirected,1314,+,,0.838406,+
155,281,Undirected,1315,+,,0.771245,+
155,289,Undirected,1316,+,,0.79696,+
155,297,Undirected,1317,+,,0.747663,+
155,318,Undirected,1318,+,,0.849396,+
155,326,Undirected,1319,+,,0.762422,+
155,330,Undirected,1320,+,,0.840082,+
155,354,Undirected,1321,+,,0.744502,+
155,381,Undirected,1322,+,,0.86183,+
155,386,Undirected,1323,+,,0.735345,+
155,389,Undirected,1324,+,,0.730872,+
155,404,Undirected,1325,+,,0.803908,+
155,418,Undirected,1326,+,,0.788213,+
155,429,Undirected,1327,+,,0.746328,+
155,437,Undirected,1328,+,,0.7688,+
155,439,Undirected,1329,+,,0.771636,+
155,461,Undirected,1330,+,,0.797687,+
155,468,Undirected,1331,+,,0.750552,+
155,471,Undirected,1332,+,,0.728588,+
156,215,Undirected,1333,+,,0.732559,+
156,257,Undirected,1334,+,,0.75469,+
156,263,Undirected,1335,+,,0.734516,+
156,284,Undirected,1336,+,,0.784411,+
156,415,Undirected,1337,+,,0.721555,+
157,267,Undirected,1338,+,,0.722533,+
158,409,Undirected,1339,+,,0.732908,+
159,163,Undirected,1340,+,,0.724587,+
159,219,Undirected,1341,+,,0.801968,+
159,271,Undirected,1342,+,,0.727976,+
159,276,Undirected,1343,+,,0.747195,+
159,289,Undirected,1344,+,,0.738768,+
159,354,Undirected,1345,+,,0.727944,+
159,368,Undirected,1346,+,,0.734455,+
159,439,Undirected,1347,+,,0.755456,+
160,175,Undirected,1348,+,,0.722187,+
160,462,Undirected,1349,+,,0.79317,+
161,394,Undirected,1350,+,,0.763964,+
162,215,Undirected,1351,+,,0.755728,+
162,257,Undirected,1352,+,,0.758891,+
162,263,Undirected,1353,+,,0.736779,+
162,284,Undirected,1354,+,,0.794407,+
162,299,Undirected,1355,+,,0.777251,+
162,310,Undirected,1356,+,,0.723567,+
162,334,Undirected,1357,+,,0.794873,+
162,415,Undirected,1358,+,,0.793612,+
162,456,Undirected,1359,+,,0.735712,+
163,215,Undirected,1360,-,,0.771339,-
163,216,Undirected,1361,+,,0.72611,+
163,220,Undirected,1362,+,,0.771039,+
163,224,Undirected,1363,+,,0.823519,+
163,239,Undirected,1364,+,,0.861493,+
163,257,Undirected,1365,-,,0.722763,-
163,264,Undirected,1366,+,,0.788425,+
163,265,Undirected,1367,+,,0.751431,+
163,268,Undirected,1368,+,,0.810235,+
163,271,Undirected,1369,+,,0.85688,+
163,276,Undirected,1370,+,,0.889674,+
163,284,Undirected,1371,-,,0.750926,-
163,327,Undirected,1372,+,,0.844139,+
163,364,Undirected,1373,+,,0.796996,+
163,381,Undirected,1374,+,,0.744332,+
163,389,Undirected,1375,+,,0.884621,+
163,429,Undirected,1376,+,,0.862102,+
163,447,Undirected,1377,+,,0.775777,+
163,468,Undirected,1378,+,,0.800166,+
163,471,Undirected,1379,+,,0.858609,+
164,182,Undirected,1380,+,,0.728995,+
164,185,Undirected,1381,-,,0.774452,-
164,218,Undirected,1382,-,,0.754492,-
164,220,Undirected,1383,-,,0.78412,-
164,236,Undirected,1384,-,,0.736854,-
164,257,Undirected,1385,+,,0.850304,+
164,263,Undirected,1386,+,,0.732718,+
164,264,Undirected,1387,-,,0.774764,-
164,267,Undirected,1388,+,,0.767766,+
164,284,Undirected,1389,+,,0.814061,+
164,288,Undirected,1390,+,,0.801132,+
164,303,Undirected,1391,+,,0.733453,+
164,324,Undirected,1392,-,,0.814758,-
164,350,Undirected,1393,+,,0.848735,+
164,356,Undirected,1394,+,,0.743257,+
164,371,Undirected,1395,+,,0.773144,+
164,375,Undirected,1396,+,,0.724869,+
164,429,Undirected,1397,-,,0.765134,-
164,430,Undirected,1398,+,,0.891462,+
164,447,Undirected,1399,-,,0.758325,-
164,450,Undirected,1400,+,,0.844803,+
164,471,Undirected,1401,-,,0.73143,-
164,472,Undirected,1402,+,,0.792813,+
165,177,Undirected,1403,+,,0.788194,+
165,181,Undirected,1404,+,,0.73005,+
165,187,Undirected,1405,+,,0.732003,+
165,194,Undirected,1406,+,,0.866283,+
165,201,Undirected,1407,+,,0.78494,+
165,208,Undirected,1408,+,,0.720644,+
165,217,Undirected,1409,+,,0.82553,+
165,234,Undirected,1410,+,,0.842373,+
165,247,Undirected,1411,+,,0.808755,+
165,259,Undirected,1412,+,,0.725346,+
165,293,Undirected,1413,+,,0.73369,+
165,295,Undirected,1414,+,,0.753,+
165,316,Undirected,1415,+,,0.754792,+
165,332,Undirected,1416,+,,0.738802,+
165,356,Undirected,1417,+,,0.787773,+
165,357,Undirected,1418,+,,0.730597,+
165,361,Undirected,1419,+,,0.78987,+
165,370,Undirected,1420,+,,0.771479,+
165,371,Undirected,1421,+,,0.805078,+
165,383,Undirected,1422,+,,0.787539,+
165,403,Undirected,1423,+,,0.733693,+
165,405,Undirected,1424,+,,0.814308,+
165,416,Undirected,1425,+,,0.787595,+
165,422,Undirected,1426,+,,0.736152,+
165,431,Undirected,1427,+,,0.762673,+
165,451,Undirected,1428,+,,0.73532,+
165,472,Undirected,1429,+,,0.780877,+
167,207,Undirected,1430,+,,0.824595,+
167,211,Undirected,1431,+,,0.741265,+
167,244,Undirected,1432,+,,0.733053,+
167,266,Undirected,1433,+,,0.728041,+
167,299,Undirected,1434,+,,0.779025,+
167,310,Undirected,1435,+,,0.791895,+
167,415,Undirected,1436,+,,0.73106,+
168,200,Undirected,1437,+,,0.831979,+
168,219,Undirected,1438,+,,0.831807,+
168,223,Undirected,1439,+,,0.790373,+
168,243,Undirected,1440,+,,0.801169,+
168,262,Undirected,1441,+,,0.757253,+
168,265,Undirected,1442,+,,0.800726,+
168,268,Undirected,1443,+,,0.832839,+
168,271,Undirected,1444,+,,0.790493,+
168,281,Undirected,1445,+,,0.724678,+
168,289,Undirected,1446,+,,0.852535,+
168,297,Undirected,1447,+,,0.72023,+
168,318,Undirected,1448,+,,0.821863,+
168,321,Undirected,1449,+,,0.727631,+
168,330,Undirected,1450,+,,0.838263,+
168,368,Undirected,1451,+,,0.771064,+
168,381,Undirected,1452,+,,0.845977,+
168,386,Undirected,1453,+,,0.804066,+
168,404,Undirected,1454,+,,0.821587,+
168,418,Undirected,1455,+,,0.850261,+
168,437,Undirected,1456,+,,0.918192,+
168,439,Undirected,1457,+,,0.790122,+
168,461,Undirected,1458,+,,0.805002,+
169,249,Undirected,1459,+,,0.999184,+
169,292,Undirected,1460,+,,0.898268,+
169,309,Undirected,1461,+,,0.753651,+
169,323,Undirected,1462,+,,0.735353,+
169,380,Undirected,1463,+,,0.869709,+
169,424,Undirected,1464,+,,0.754489,+
171,324,Undirected,1465,+,,0.749693,+
172,181,Undirected,1466,+,,0.746976,+
172,208,Undirected,1467,+,,0.780222,+
172,338,Undirected,1468,+,,0.767178,+
172,377,Undirected,1469,+,,0.72609,+
172,405,Undirected,1470,+,,0.731168,+
172,421,Undirected,1471,+,,0.743891,+
172,451,Undirected,1472,+,,0.753654,+
173,181,Undirected,1473,+,,0.734375,+
173,197,Undirected,1474,+,,0.756696,+
173,213,Undirected,1475,+,,0.797667,+
173,325,Undirected,1476,+,,0.730283,+
173,338,Undirected,1477,+,,0.788162,+
173,357,Undirected,1478,+,,0.760963,+
173,377,Undirected,1479,+,,0.770959,+
173,397,Undirected,1480,+,,0.779074,+
173,457,Undirected,1481,+,,0.735612,+
173,473,Undirected,1482,+,,0.7496,+
174,196,Undirected,1483,+,,0.720737,+
175,462,Undirected,1484,+,,0.905698,+
176,402,Undirected,1485,+,,0.784918,+
177,187,Undirected,1486,+,,0.743531,+
177,194,Undirected,1487,+,,0.787263,+
177,201,Undirected,1488,+,,0.730906,+
177,217,Undirected,1489,+,,0.775241,+
177,234,Undirected,1490,+,,0.768861,+
177,247,Undirected,1491,+,,0.724772,+
177,356,Undirected,1492,+,,0.739281,+
177,383,Undirected,1493,+,,0.736969,+
177,435,Undirected,1494,+,,0.729682,+
178,181,Undirected,1495,+,,0.735563,+
178,197,Undirected,1496,+,,0.803744,+
178,213,Undirected,1497,+,,0.744766,+
178,317,Undirected,1498,+,,0.849102,+
178,325,Undirected,1499,+,,0.745061,+
178,377,Undirected,1500,+,,0.800627,+
178,397,Undirected,1501,+,,0.80608,+
178,407,Undirected,1502,+,,0.824755,+
178,421,Undirected,1503,+,,0.758329,+
178,433,Undirected,1504,+,,0.730626,+
178,457,Undirected,1505,+,,0.791412,+
178,473,Undirected,1506,+,,0.853053,+
179,424,Undirected,1507,+,,0.744601,+
181,187,Undirected,1508,+,,0.764802,+
181,194,Undirected,1509,+,,0.75575,+
181,197,Undirected,1510,+,,0.843087,+
181,208,Undirected,1511,+,,0.860685,+
181,213,Undirected,1512,+,,0.87365,+
181,217,Undirected,1513,+,,0.767547,+
181,234,Undirected,1514,+,,0.777054,+
181,259,Undirected,1515,+,,0.745402,+
181,293,Undirected,1516,+,,0.792125,+
181,295,Undirected,1517,+,,0.768181,+
181,317,Undirected,1518,+,,0.748854,+
181,338,Undirected,1519,+,,0.855677,+
181,357,Undirected,1520,+,,0.827331,+
181,361,Undirected,1521,+,,0.727431,+
181,369,Undirected,1522,+,,0.78084,+
181,377,Undirected,1523,+,,0.80976,+
181,397,Undirected,1524,+,,0.802894,+
181,405,Undirected,1525,+,,0.76419,+
181,421,Undirected,1526,+,,0.835557,+
181,435,Undirected,1527,+,,0.853957,+
181,438,Undirected,1528,+,,0.739592,+
181,451,Undirected,1529,+,,0.777756,+
181,457,Undirected,1530,+,,0.810481,+
181,473,Undirected,1531,+,,0.774883,+
182,306,Undirected,1532,+,,0.721431,+
182,430,Undirected,1533,+,,0.757796,+
183,265,Undirected,1534,+,,0.807003,+
183,268,Undirected,1535,+,,0.721293,+
183,297,Undirected,1536,+,,0.775316,+
183,372,Undirected,1537,+,,0.736055,+
183,404,Undirected,1538,+,,0.730313,+
183,439,Undirected,1539,+,,0.750504,+
185,257,Undirected,1540,-,,0.751815,-
185,264,Undirected,1541,+,,0.77059,+
185,324,Undirected,1542,+,,0.792469,+
185,345,Undirected,1543,+,,0.733938,+
185,429,Undirected,1544,+,,0.753609,+
185,447,Undirected,1545,+,,0.784293,+
185,471,Undirected,1546,+,,0.738346,+
185,472,Undirected,1547,-,,0.785377,-
186,242,Undirected,1548,+,,0.737532,+
186,371,Undirected,1549,-,,0.744448,-
186,405,Undirected,1550,-,,0.741415,-
187,194,Undirected,1551,+,,0.768374,+
187,213,Undirected,1552,+,,0.763706,+
187,397,Undirected,1553,+,,0.734922,+
187,435,Undirected,1554,+,,0.748717,+
188,227,Undirected,1555,+,,0.721041,+
188,242,Undirected,1556,+,,0.726538,+
188,346,Undirected,1557,+,,0.767202,+
188,388,Undirected,1558,+,,0.734804,+
188,426,Undirected,1559,+,,0.736527,+
189,196,Undirected,1560,+,,0.789471,+
189,240,Undirected,1561,+,,0.789178,+
189,251,Undirected,1562,+,,0.722254,+
189,280,Undirected,1563,+,,0.914295,+
189,308,Undirected,1564,+,,0.852677,+
189,322,Undirected,1565,+,,0.736134,+
189,349,Undirected,1566,+,,0.778608,+
189,391,Undirected,1567,+,,0.77895,+
189,428,Undirected,1568,+,,0.751799,+
189,463,Undirected,1569,+,,0.75155,+
190,367,Undirected,1570,+,,0.820351,+
191,269,Undirected,1571,+,,0.861792,+
191,315,Undirected,1572,+,,0.750071,+
193,342,Undirected,1573,+,,0.746076,+
194,208,Undirected,1574,+,,0.741618,+
194,213,Undirected,1575,+,,0.738482,+
194,217,Undirected,1576,+,,0.77313,+
194,234,Undirected,1577,+,,0.837288,+
194,247,Undirected,1578,+,,0.745164,+
194,293,Undirected,1579,+,,0.722239,+
194,295,Undirected,1580,+,,0.725399,+
194,316,Undirected,1581,+,,0.730596,+
194,338,Undirected,1582,+,,0.733458,+
194,356,Undirected,1583,+,,0.739071,+
194,357,Undirected,1584,+,,0.768971,+
194,361,Undirected,1585,+,,0.75349,+
194,371,Undirected,1586,+,,0.751307,+
194,383,Undirected,1587,+,,0.736233,+
194,405,Undirected,1588,+,,0.784161,+
194,416,Undirected,1589,+,,0.750025,+
194,421,Undirected,1590,+,,0.733116,+
194,435,Undirected,1591,+,,0.768028,+
194,446,Undirected,1592,+,,0.730831,+
194,472,Undirected,1593,+,,0.737204,+
196,240,Undirected,1594,+,,0.805439,+
196,251,Undirected,1595,+,,0.91722,+
196,255,Undirected,1596,+,,0.801813,+
196,260,Undirected,1597,+,,0.783552,+
196,280,Undirected,1598,+,,0.737315,+
196,308,Undirected,1599,+,,0.843396,+
196,335,Undirected,1600,+,,0.846239,+
196,349,Undirected,1601,+,,0.786068,+
196,391,Undirected,1602,+,,0.789142,+
196,428,Undirected,1603,+,,0.781867,+
196,463,Undirected,1604,+,,0.744886,+
197,202,Undirected,1605,+,,0.735237,+
197,208,Undirected,1606,+,,0.772909,+
197,213,Undirected,1607,+,,0.868409,+
197,317,Undirected,1608,+,,0.775909,+
197,325,Undirected,1609,+,,0.744613,+
197,338,Undirected,1610,+,,0.829973,+
197,357,Undirected,1611,+,,0.771613,+
197,377,Undirected,1612,+,,0.747056,+
197,397,Undirected,1613,+,,0.908831,+
197,407,Undirected,1614,+,,0.735163,+
197,421,Undirected,1615,+,,0.791332,+
197,435,Undirected,1616,+,,0.778792,+
197,438,Undirected,1617,+,,0.764849,+
197,457,Undirected,1618,+,,0.871015,+
197,473,Undirected,1619,+,,0.803278,+
198,226,Undirected,1620,+,,0.772825,+
198,355,Undirected,1621,+,,0.734693,+
199,201,Undirected,1622,+,,0.761379,+
199,247,Undirected,1623,+,,0.755556,+
199,383,Undirected,1624,+,,0.738921,+
199,451,Undirected,1625,+,,0.726291,+
200,219,Undirected,1626,+,,0.784199,+
200,223,Undirected,1627,+,,0.75245,+
200,243,Undirected,1628,+,,0.78034,+
200,265,Undirected,1629,+,,0.788436,+
200,268,Undirected,1630,+,,0.78989,+
200,271,Undirected,1631,+,,0.797684,+
200,276,Undirected,1632,+,,0.766544,+
200,281,Undirected,1633,+,,0.735905,+
200,289,Undirected,1634,+,,0.770696,+
200,318,Undirected,1635,+,,0.788315,+
200,330,Undirected,1636,+,,0.869064,+
200,372,Undirected,1637,+,,0.732166,+
200,381,Undirected,1638,+,,0.76655,+
200,386,Undirected,1639,+,,0.746695,+
200,404,Undirected,1640,+,,0.831514,+
200,418,Undirected,1641,+,,0.750078,+
200,437,Undirected,1642,+,,0.796512,+
200,439,Undirected,1643,+,,0.761171,+
200,461,Undirected,1644,+,,0.833339,+
201,217,Undirected,1645,+,,0.792495,+
201,234,Undirected,1646,+,,0.775778,+
201,247,Undirected,1647,+,,0.854498,+
201,295,Undirected,1648,+,,0.75949,+
201,316,Undirected,1649,+,,0.781184,+
201,332,Undirected,1650,+,,0.739927,+
201,356,Undirected,1651,+,,0.804177,+
201,361,Undirected,1652,+,,0.795732,+
201,370,Undirected,1653,+,,0.786362,+
201,371,Undirected,1654,+,,0.785165,+
201,383,Undirected,1655,+,,0.844738,+
201,390,Undirected,1656,+,,0.732152,+
201,403,Undirected,1657,+,,0.728662,+
201,405,Undirected,1658,+,,0.807509,+
201,416,Undirected,1659,+,,0.758657,+
201,422,Undirected,1660,+,,0.733105,+
201,431,Undirected,1661,+,,0.761558,+
201,451,Undirected,1662,+,,0.721176,+
202,225,Undirected,1663,+,,0.733539,+
202,246,Undirected,1664,+,,0.754038,+
202,311,Undirected,1665,+,,0.768909,+
202,362,Undirected,1666,+,,0.768242,+
202,397,Undirected,1667,+,,0.729054,+
202,419,Undirected,1668,+,,0.751476,+
202,457,Undirected,1669,+,,0.749472,+
203,242,Undirected,1670,+,,0.773994,+
206,295,Undirected,1671,+,,0.729821,+
206,339,Undirected,1672,+,,0.781876,+
206,344,Undirected,1673,+,,0.723933,+
206,361,Undirected,1674,+,,0.769631,+
206,370,Undirected,1675,+,,0.786408,+
206,403,Undirected,1676,+,,0.756365,+
206,405,Undirected,1677,+,,0.74401,+
206,431,Undirected,1678,+,,0.746811,+
206,455,Undirected,1679,+,,0.819918,+
208,213,Undirected,1680,+,,0.749129,+
208,217,Undirected,1681,+,,0.786819,+
208,234,Undirected,1682,+,,0.763611,+
208,293,Undirected,1683,+,,0.723357,+
208,295,Undirected,1684,+,,0.817071,+
208,316,Undirected,1685,+,,0.748975,+
208,317,Undirected,1686,+,,0.73202,+
208,332,Undirected,1687,+,,0.720721,+
208,338,Undirected,1688,+,,0.79474,+
208,357,Undirected,1689,+,,0.771579,+
208,361,Undirected,1690,+,,0.776502,+
208,369,Undirected,1691,+,,0.772079,+
208,371,Undirected,1692,+,,0.761621,+
208,377,Undirected,1693,+,,0.739363,+
208,390,Undirected,1694,+,,0.791829,+
208,397,Undirected,1695,+,,0.747175,+
208,405,Undirected,1696,+,,0.810617,+
208,421,Undirected,1697,+,,0.843112,+
208,422,Undirected,1698,+,,0.728668,+
208,431,Undirected,1699,+,,0.732024,+
208,435,Undirected,1700,+,,0.759317,+
208,438,Undirected,1701,+,,0.738828,+
208,451,Undirected,1702,+,,0.826605,+
208,457,Undirected,1703,+,,0.798731,+
209,434,Undirected,1704,+,,0.753886,+
209,442,Undirected,1705,+,,0.793081,+
211,244,Undirected,1706,+,,0.792714,+
211,299,Undirected,1707,+,,0.742761,+
211,310,Undirected,1708,+,,0.754005,+
211,415,Undirected,1709,+,,0.740647,+
212,413,Undirected,1710,+,,0.763806,+
213,234,Undirected,1711,+,,0.765404,+
213,259,Undirected,1712,+,,0.761891,+
213,293,Undirected,1713,+,,0.770613,+
213,295,Undirected,1714,+,,0.722717,+
213,317,Undirected,1715,+,,0.721001,+
213,338,Undirected,1716,+,,0.832477,+
213,357,Undirected,1717,+,,0.822293,+
213,369,Undirected,1718,+,,0.727642,+
213,377,Undirected,1719,+,,0.794489,+
213,397,Undirected,1720,+,,0.865085,+
213,421,Undirected,1721,+,,0.755189,+
213,435,Undirected,1722,+,,0.850864,+
213,457,Undirected,1723,+,,0.760522,+
213,473,Undirected,1724,+,,0.796699,+
215,239,Undirected,1725,-,,0.743121,-
215,257,Undirected,1726,+,,0.819249,+
215,263,Undirected,1727,+,,0.857568,+
215,264,Undirected,1728,-,,0.750375,-
215,271,Undirected,1729,-,,0.761407,-
215,276,Undirected,1730,-,,0.755601,-
215,284,Undirected,1731,+,,0.894879,+
215,299,Undirected,1732,+,,0.808945,+
215,310,Undirected,1733,+,,0.739422,+
215,334,Undirected,1734,+,,0.730058,+
215,389,Undirected,1735,-,,0.749948,-
215,415,Undirected,1736,+,,0.846284,+
215,429,Undirected,1737,-,,0.750054,-
215,471,Undirected,1738,-,,0.772345,-
216,220,Undirected,1739,+,,0.775579,+
216,264,Undirected,1740,+,,0.796162,+
216,324,Undirected,1741,+,,0.737833,+
216,327,Undirected,1742,+,,0.76058,+
216,364,Undirected,1743,+,,0.809856,+
216,429,Undirected,1744,+,,0.745122,+
216,468,Undirected,1745,+,,0.741223,+
217,221,Undirected,1746,+,,0.759373,+
217,222,Undirected,1747,+,,0.812944,+
217,234,Undirected,1748,+,,0.879289,+
217,247,Undirected,1749,+,,0.777686,+
217,259,Undirected,1750,+,,0.807773,+
217,293,Undirected,1751,+,,0.792028,+
217,295,Undirected,1752,+,,0.83853,+
217,298,Undirected,1753,+,,0.789212,+
217,304,Undirected,1754,+,,0.742139,+
217,316,Undirected,1755,+,,0.773591,+
217,332,Undirected,1756,+,,0.847553,+
217,338,Undirected,1757,+,,0.74096,+
217,339,Undirected,1758,+,,0.738808,+
217,356,Undirected,1759,+,,0.791278,+
217,357,Undirected,1760,+,,0.722894,+
217,361,Undirected,1761,+,,0.870112,+
217,369,Undirected,1762,+,,0.737152,+
217,370,Undirected,1763,+,,0.824397,+
217,371,Undirected,1764,+,,0.854177,+
217,383,Undirected,1765,+,,0.77933,+
217,390,Undirected,1766,+,,0.806632,+
217,403,Undirected,1767,+,,0.8261,+
217,405,Undirected,1768,+,,0.892724,+
217,416,Undirected,1769,+,,0.796899,+
217,421,Undirected,1770,+,,0.738675,+
217,422,Undirected,1771,+,,0.799764,+
217,431,Undirected,1772,+,,0.86564,+
217,451,Undirected,1773,+,,0.810533,+
217,455,Undirected,1774,+,,0.768099,+
217,472,Undirected,1775,+,,0.760718,+
218,324,Undirected,1776,+,,0.740101,+
218,371,Undirected,1777,-,,0.780547,-
218,450,Undirected,1778,-,,0.753734,-
218,472,Undirected,1779,-,,0.791028,-
219,223,Undirected,1780,+,,0.762189,+
219,237,Undirected,1781,+,,0.796544,+
219,243,Undirected,1782,+,,0.813904,+
219,260,Undirected,1783,+,,0.723601,+
219,262,Undirected,1784,+,,0.835261,+
219,265,Undirected,1785,+,,0.770265,+
219,268,Undirected,1786,+,,0.791455,+
219,271,Undirected,1787,+,,0.73575,+
219,281,Undirected,1788,+,,0.754545,+
219,289,Undirected,1789,+,,0.880653,+
219,318,Undirected,1790,+,,0.823138,+
219,321,Undirected,1791,+,,0.811401,+
219,330,Undirected,1792,+,,0.880783,+
219,349,Undirected,1793,+,,0.750159,+
219,359,Undirected,1794,+,,0.763378,+
219,368,Undirected,1795,+,,0.852622,+
219,372,Undirected,1796,+,,0.745045,+
219,381,Undirected,1797,+,,0.777206,+
219,384,Undirected,1798,+,,0.769791,+
219,386,Undirected,1799,+,,0.889574,+
219,387,Undirected,1800,+,,0.797676,+
219,404,Undirected,1801,+,,0.835904,+
219,418,Undirected,1802,+,,0.901728,+
219,437,Undirected,1803,+,,0.889768,+
219,439,Undirected,1804,+,,0.834128,+
219,461,Undirected,1805,+,,0.867893,+
220,224,Undirected,1806,+,,0.744105,+
220,239,Undirected,1807,+,,0.757706,+
220,245,Undirected,1808,+,,0.743507,+
220,257,Undirected,1809,-,,0.794789,-
220,263,Undirected,1810,-,,0.720977,-
220,264,Undirected,1811,+,,0.853658,+
220,276,Undirected,1812,+,,0.747347,+
220,284,Undirected,1813,-,,0.777651,-
220,324,Undirected,1814,+,,0.829346,+
220,327,Undirected,1815,+,,0.821745,+
220,364,Undirected,1816,+,,0.833835,+
220,389,Undirected,1817,+,,0.796644,+
220,429,Undirected,1818,+,,0.820703,+
220,447,Undirected,1819,+,,0.797594,+
220,471,Undirected,1820,+,,0.816225,+
220,472,Undirected,1821,-,,0.762665,-
221,293,Undirected,1822,+,,0.74614,+
221,295,Undirected,1823,+,,0.808052,+
221,332,Undirected,1824,+,,0.772952,+
221,361,Undirected,1825,+,,0.830491,+
221,370,Undirected,1826,+,,0.772833,+
221,371,Undirected,1827,+,,0.724843,+
221,390,Undirected,1828,+,,0.7571,+
221,403,Undirected,1829,+,,0.753037,+
221,405,Undirected,1830,+,,0.806713,+
221,431,Undirected,1831,+,,0.786687,+
221,451,Undirected,1832,+,,0.788021,+
221,455,Undirected,1833,+,,0.727231,+
222,234,Undirected,1834,+,,0.765654,+
222,298,Undirected,1835,+,,0.721365,+
222,332,Undirected,1836,+,,0.73603,+
222,356,Undirected,1837,+,,0.729825,+
222,361,Undirected,1838,+,,0.774363,+
222,370,Undirected,1839,+,,0.723578,+
222,371,Undirected,1840,+,,0.821179,+
222,405,Undirected,1841,+,,0.771136,+
222,422,Undirected,1842,+,,0.73923,+
222,431,Undirected,1843,+,,0.741025,+
222,472,Undirected,1844,+,,0.731235,+
223,237,Undirected,1845,+,,0.767049,+
223,243,Undirected,1846,+,,0.828868,+
223,268,Undirected,1847,+,,0.725708,+
223,289,Undirected,1848,+,,0.780546,+
223,308,Undirected,1849,+,,0.724204,+
223,318,Undirected,1850,+,,0.785434,+
223,349,Undirected,1851,+,,0.7593,+
223,368,Undirected,1852,+,,0.82852,+
223,381,Undirected,1853,+,,0.775236,+
223,386,Undirected,1854,+,,0.859087,+
223,387,Undirected,1855,+,,0.767106,+
223,404,Undirected,1856,+,,0.795629,+
223,418,Undirected,1857,+,,0.869401,+
223,437,Undirected,1858,+,,0.728225,+
224,239,Undirected,1859,+,,0.720715,+
224,271,Undirected,1860,+,,0.747268,+
224,276,Undirected,1861,+,,0.727593,+
224,364,Undirected,1862,+,,0.721889,+
224,389,Undirected,1863,+,,0.759769,+
224,429,Undirected,1864,+,,0.753219,+
224,471,Undirected,1865,+,,0.800392,+
225,408,Undirected,1866,+,,0.736151,+
228,306,Undirected,1867,+,,0.726658,+
228,358,Undirected,1868,+,,0.756144,+
228,444,Undirected,1869,+,,0.756473,+
228,459,Undirected,1870,+,,0.762341,+
229,306,Undirected,1871,+,,0.729492,+
230,236,Undirected,1872,+,,0.729178,+
230,241,Undirected,1873,+,,0.802018,+
230,333,Undirected,1874,+,,0.723323,+
231,373,Undirected,1875,+,,0.725949,+
234,247,Undirected,1876,+,,0.765077,+
234,259,Undirected,1877,+,,0.820377,+
234,293,Undirected,1878,+,,0.81154,+
234,295,Undirected,1879,+,,0.771452,+
234,298,Undirected,1880,+,,0.779556,+
234,316,Undirected,1881,+,,0.836846,+
234,332,Undirected,1882,+,,0.821302,+
234,338,Undirected,1883,+,,0.75363,+
234,356,Undirected,1884,+,,0.77447,+
234,357,Undirected,1885,+,,0.760731,+
234,361,Undirected,1886,+,,0.842324,+
234,369,Undirected,1887,+,,0.725982,+
234,370,Undirected,1888,+,,0.776714,+
234,371,Undirected,1889,+,,0.8645,+
234,383,Undirected,1890,+,,0.76923,+
234,403,Undirected,1891,+,,0.762976,+
234,405,Undirected,1892,+,,0.890028,+
234,416,Undirected,1893,+,,0.78891,+
234,421,Undirected,1894,+,,0.760254,+
234,422,Undirected,1895,+,,0.760143,+
234,431,Undirected,1896,+,,0.819318,+
234,435,Undirected,1897,+,,0.738382,+
234,451,Undirected,1898,+,,0.760417,+
234,472,Undirected,1899,+,,0.804974,+
235,236,Undirected,1900,+,,0.749831,+
235,241,Undirected,1901,+,,0.728223,+
235,425,Undirected,1902,+,,0.768688,+
236,241,Undirected,1903,+,,0.855641,+
236,333,Undirected,1904,+,,0.793278,+
237,289,Undirected,1905,+,,0.727169,+
237,329,Undirected,1906,+,,0.783643,+
237,335,Undirected,1907,+,,0.723774,+
237,359,Undirected,1908,+,,0.724102,+
237,368,Undirected,1909,+,,0.877988,+
237,386,Undirected,1910,+,,0.851295,+
237,387,Undirected,1911,+,,0.998857,+
237,404,Undirected,1912,+,,0.746979,+
237,418,Undirected,1913,+,,0.791516,+
238,401,Undirected,1914,+,,0.764264,+
238,455,Undirected,1915,+,,0.74293,+
239,264,Undirected,1916,+,,0.738983,+
239,265,Undirected,1917,+,,0.767112,+
239,268,Undirected,1918,+,,0.820874,+
239,271,Undirected,1919,+,,0.826716,+
239,276,Undirected,1920,+,,0.835583,+
239,284,Undirected,1921,-,,0.729584,-
239,289,Undirected,1922,+,,0.721177,+
239,326,Undirected,1923,+,,0.754269,+
239,327,Undirected,1924,+,,0.869229,+
239,354,Undirected,1925,+,,0.7401,+
239,364,Undirected,1926,+,,0.797999,+
239,389,Undirected,1927,+,,0.835031,+
239,429,Undirected,1928,+,,0.852525,+
239,447,Undirected,1929,+,,0.803489,+
239,468,Undirected,1930,+,,0.731451,+
239,471,Undirected,1931,+,,0.82265,+
240,251,Undirected,1932,+,,0.737034,+
240,280,Undirected,1933,+,,0.737046,+
240,335,Undirected,1934,+,,0.836334,+
240,412,Undirected,1935,+,,0.793829,+
240,428,Undirected,1936,+,,0.78168,+
241,333,Undirected,1937,+,,0.871579,+
241,392,Undirected,1938,+,,0.799162,+
242,346,Undirected,1939,+,,0.733975,+
242,426,Undirected,1940,+,,0.746938,+
242,452,Undirected,1941,+,,0.753771,+
243,262,Undirected,1942,+,,0.795906,+
243,265,Undirected,1943,+,,0.840193,+
243,268,Undirected,1944,+,,0.865587,+
243,271,Undirected,1945,+,,0.804616,+
243,276,Undirected,1946,+,,0.72334,+
243,281,Undirected,1947,+,,0.788021,+
243,289,Undirected,1948,+,,0.877513,+
243,297,Undirected,1949,+,,0.796311,+
243,318,Undirected,1950,+,,0.898852,+
243,321,Undirected,1951,+,,0.730615,+
243,330,Undirected,1952,+,,0.847108,+
243,368,Undirected,1953,+,,0.801207,+
243,381,Undirected,1954,+,,0.860272,+
243,386,Undirected,1955,+,,0.845833,+
243,404,Undirected,1956,+,,0.943371,+
243,418,Undirected,1957,+,,0.901784,+
243,437,Undirected,1958,+,,0.776741,+
243,439,Undirected,1959,+,,0.795262,+
243,461,Undirected,1960,+,,0.813958,+
244,301,Undirected,1961,+,,0.733246,+
245,324,Undirected,1962,+,,0.754954,+
245,327,Undirected,1963,+,,0.725431,+
245,364,Undirected,1964,+,,0.778504,+
245,409,Undirected,1965,+,,0.733748,+
246,362,Undirected,1966,+,,0.799782,+
246,419,Undirected,1967,+,,0.793496,+
247,267,Undirected,1968,+,,0.743275,+
247,295,Undirected,1969,+,,0.734658,+
247,316,Undirected,1970,+,,0.722257,+
247,332,Undirected,1971,+,,0.732995,+
247,356,Undirected,1972,+,,0.879063,+
247,361,Undirected,1973,+,,0.776657,+
247,370,Undirected,1974,+,,0.755067,+
247,371,Undirected,1975,+,,0.823277,+
247,383,Undirected,1976,+,,0.970976,+
247,403,Undirected,1977,+,,0.721973,+
247,405,Undirected,1978,+,,0.783516,+
247,416,Undirected,1979,+,,0.783789,+
247,422,Undirected,1980,+,,0.734789,+
247,431,Undirected,1981,+,,0.747441,+
247,472,Undirected,1982,+,,0.751559,+
249,292,Undirected,1983,+,,0.898023,+
249,309,Undirected,1984,+,,0.752921,+
249,323,Undirected,1985,+,,0.734809,+
249,380,Undirected,1986,+,,0.853293,+
249,424,Undirected,1987,+,,0.739797,+
250,295,Undirected,1988,+,,0.722352,+
251,255,Undirected,1989,+,,0.733709,+
251,308,Undirected,1990,+,,0.77057,+
251,335,Undirected,1991,+,,0.923767,+
251,463,Undirected,1992,+,,0.821064,+
254,406,Undirected,1993,+,,0.726218,+
255,308,Undirected,1994,+,,0.833302,+
255,329,Undirected,1995,+,,0.729812,+
255,349,Undirected,1996,+,,0.798228,+
255,387,Undirected,1997,+,,0.720856,+
255,412,Undirected,1998,+,,0.801447,+
255,428,Undirected,1999,+,,0.781961,+
256,294,Undirected,2000,+,,0.741832,+
256,368,Undirected,2001,+,,0.733804,+
257,263,Undirected,2002,+,,0.812718,+
257,264,Undirected,2003,-,,0.811457,-
257,276,Undirected,2004,-,,0.722738,-
257,284,Undirected,2005,+,,0.877675,+
257,288,Undirected,2006,+,,0.723282,+
257,302,Undirected,2007,+,,0.761825,+
257,324,Undirected,2008,-,,0.806166,-
257,327,Undirected,2009,-,,0.746943,-
257,364,Undirected,2010,-,,0.732628,-
257,389,Undirected,2011,-,,0.750334,-
257,415,Undirected,2012,+,,0.743694,+
257,429,Undirected,2013,-,,0.80483,-
257,430,Undirected,2014,+,,0.781908,+
257,447,Undirected,2015,-,,0.795888,-
257,450,Undirected,2016,+,,0.727222,+
257,471,Undirected,2017,-,,0.794386,-
257,472,Undirected,2018,+,,0.73919,+
258,275,Undirected,2019,+,,0.809998,+
258,278,Undirected,2020,+,,0.754032,+
259,293,Undirected,2021,+,,0.752627,+
259,298,Undirected,2022,+,,0.761968,+
259,338,Undirected,2023,+,,0.746869,+
259,357,Undirected,2024,+,,0.727099,+
259,371,Undirected,2025,+,,0.777975,+
259,405,Undirected,2026,+,,0.738454,+
259,416,Undirected,2027,+,,0.733427,+
259,472,Undirected,2028,+,,0.736204,+
260,281,Undirected,2029,+,,0.723567,+
260,349,Undirected,2030,+,,0.73166,+
260,372,Undirected,2031,+,,0.815004,+
261,465,Undirected,2032,+,,0.7503,+
262,281,Undirected,2033,+,,0.731405,+
262,289,Undirected,2034,+,,0.79725,+
262,318,Undirected,2035,+,,0.823021,+
262,321,Undirected,2036,+,,0.831569,+
262,330,Undirected,2037,+,,0.823241,+
262,359,Undirected,2038,+,,0.817943,+
262,368,Undirected,2039,+,,0.728217,+
262,381,Undirected,2040,+,,0.761668,+
262,386,Undirected,2041,+,,0.862898,+
262,404,Undirected,2042,+,,0.815039,+
262,418,Undirected,2043,+,,0.887585,+
262,437,Undirected,2044,+,,0.833781,+
262,441,Undirected,2045,+,,0.759472,+
262,461,Undirected,2046,+,,0.790557,+
263,284,Undirected,2047,+,,0.86135,+
263,299,Undirected,2048,+,,0.755313,+
263,334,Undirected,2049,+,,0.7508,+
263,415,Undirected,2050,+,,0.831703,+
264,276,Undirected,2051,+,,0.784353,+
264,284,Undirected,2052,-,,0.78755,-
264,324,Undirected,2053,+,,0.80646,+
264,327,Undirected,2054,+,,0.783868,+
264,364,Undirected,2055,+,,0.76314,+
264,389,Undirected,2056,+,,0.751956,+
264,429,Undirected,2057,+,,0.856901,+
264,447,Undirected,2058,+,,0.783641,+
264,471,Undirected,2059,+,,0.794224,+
264,472,Undirected,2060,-,,0.747449,-
265,268,Undirected,2061,+,,0.874872,+
265,271,Undirected,2062,+,,0.835657,+
265,276,Undirected,2063,+,,0.784315,+
265,281,Undirected,2064,+,,0.813522,+
265,289,Undirected,2065,+,,0.812899,+
265,297,Undirected,2066,+,,0.732683,+
265,318,Undirected,2067,+,,0.784984,+
265,321,Undirected,2068,+,,0.758026,+
265,330,Undirected,2069,+,,0.851673,+
265,381,Undirected,2070,+,,0.777007,+
265,386,Undirected,2071,+,,0.74741,+
265,389,Undirected,2072,+,,0.743382,+
265,404,Undirected,2073,+,,0.84742,+
265,418,Undirected,2074,+,,0.744684,+
265,437,Undirected,2075,+,,0.829347,+
265,439,Undirected,2076,+,,0.846742,+
265,461,Undirected,2077,+,,0.822394,+
266,299,Undirected,2078,+,,0.733415,+
266,310,Undirected,2079,+,,0.752538,+
266,400,Undirected,2080,+,,0.764872,+
266,423,Undirected,2081,+,,0.735782,+
267,350,Undirected,2082,+,,0.767826,+
267,356,Undirected,2083,+,,0.724657,+
267,383,Undirected,2084,+,,0.724199,+
267,430,Undirected,2085,+,,0.726673,+
268,271,Undirected,2086,+,,0.910556,+
268,276,Undirected,2087,+,,0.832084,+
268,281,Undirected,2088,+,,0.740506,+
268,289,Undirected,2089,+,,0.888818,+
268,297,Undirected,2090,+,,0.749787,+
268,318,Undirected,2091,+,,0.816944,+
268,326,Undirected,2092,+,,0.770739,+
268,330,Undirected,2093,+,,0.854817,+
268,381,Undirected,2094,+,,0.83673,+
268,386,Undirected,2095,+,,0.750077,+
268,389,Undirected,2096,+,,0.726381,+
268,404,Undirected,2097,+,,0.82512,+
268,418,Undirected,2098,+,,0.786721,+
268,429,Undirected,2099,+,,0.772344,+
268,437,Undirected,2100,+,,0.816049,+
268,439,Undirected,2101,+,,0.808116,+
268,461,Undirected,2102,+,,0.858238,+
268,471,Undirected,2103,+,,0.72507,+
269,309,Undirected,2104,+,,0.780862,+
270,336,Undirected,2105,+,,0.732736,+
271,276,Undirected,2106,+,,0.866259,+
271,281,Undirected,2107,+,,0.722097,+
271,289,Undirected,2108,+,,0.822448,+
271,318,Undirected,2109,+,,0.796317,+
271,326,Undirected,2110,+,,0.819094,+
271,327,Undirected,2111,+,,0.740001,+
271,330,Undirected,2112,+,,0.801392,+
271,354,Undirected,2113,+,,0.744752,+
271,381,Undirected,2114,+,,0.761249,+
271,389,Undirected,2115,+,,0.808083,+
271,404,Undirected,2116,+,,0.798452,+
271,418,Undirected,2117,+,,0.732048,+
271,429,Undirected,2118,+,,0.797493,+
271,437,Undirected,2119,+,,0.75928,+
271,439,Undirected,2120,+,,0.783466,+
271,461,Undirected,2121,+,,0.792556,+
271,468,Undirected,2122,+,,0.765815,+
271,471,Undirected,2123,+,,0.793423,+
272,290,Undirected,2124,+,,0.747234,+
272,369,Undirected,2125,+,,0.732453,+
273,355,Undirected,2126,+,,0.733012,+
273,420,Undirected,2127,+,,0.766865,+
275,328,Undirected,2128,+,,0.746204,+
275,366,Undirected,2129,+,,0.753175,+
276,284,Undirected,2130,-,,0.75609,-
276,326,Undirected,2131,+,,0.757048,+
276,327,Undirected,2132,+,,0.785183,+
276,330,Undirected,2133,+,,0.733858,+
276,381,Undirected,2134,+,,0.728206,+
276,389,Undirected,2135,+,,0.797897,+
276,404,Undirected,2136,+,,0.758658,+
276,429,Undirected,2137,+,,0.833065,+
276,439,Undirected,2138,+,,0.735393,+
276,447,Undirected,2139,+,,0.776707,+
276,461,Undirected,2140,+,,0.727463,+
276,468,Undirected,2141,+,,0.772124,+
276,471,Undirected,2142,+,,0.854061,+
277,390,Undirected,2143,+,,0.770845,+
278,396,Undirected,2144,+,,0.720082,+
280,308,Undirected,2145,+,,0.777991,+
280,319,Undirected,2146,+,,0.824329,+
280,443,Undirected,2147,+,,0.759156,+
281,289,Undirected,2148,+,,0.776556,+
281,318,Undirected,2149,+,,0.84895,+
281,321,Undirected,2150,+,,0.720559,+
281,330,Undirected,2151,+,,0.846191,+
281,372,Undirected,2152,+,,0.802285,+
281,386,Undirected,2153,+,,0.7718,+
281,404,Undirected,2154,+,,0.788619,+
281,418,Undirected,2155,+,,0.794986,+
281,437,Undirected,2156,+,,0.78625,+
281,461,Undirected,2157,+,,0.836459,+
283,454,Undirected,2158,+,,0.740961,+
284,299,Undirected,2159,+,,0.794422,+
284,327,Undirected,2160,-,,0.722987,-
284,334,Undirected,2161,+,,0.813276,+
284,358,Undirected,2162,+,,0.728497,+
284,389,Undirected,2163,-,,0.7396,-
284,415,Undirected,2164,+,,0.885247,+
284,429,Undirected,2165,-,,0.775422,-
284,430,Undirected,2166,+,,0.736413,+
284,447,Undirected,2167,-,,0.755504,-
284,456,Undirected,2168,+,,0.732123,+
284,471,Undirected,2169,-,,0.804394,-
285,396,Undirected,2170,+,,0.741636,+
285,470,Undirected,2171,+,,0.727862,+
287,331,Undirected,2172,+,,0.741423,+
287,434,Undirected,2173,+,,0.761156,+
288,350,Undirected,2174,+,,0.771196,+
288,430,Undirected,2175,+,,0.736952,+
289,297,Undirected,2176,+,,0.725701,+
289,318,Undirected,2177,+,,0.882189,+
289,321,Undirected,2178,+,,0.781384,+
289,326,Undirected,2179,+,,0.728837,+
289,330,Undirected,2180,+,,0.88592,+
289,359,Undirected,2181,+,,0.749887,+
289,368,Undirected,2182,+,,0.762206,+
289,372,Undirected,2183,+,,0.755766,+
289,376,Undirected,2184,+,,0.750088,+
289,381,Undirected,2185,+,,0.766396,+
289,386,Undirected,2186,+,,0.855618,+
289,387,Undirected,2187,+,,0.727218,+
289,404,Undirected,2188,+,,0.837014,+
289,418,Undirected,2189,+,,0.9061,+
289,437,Undirected,2190,+,,0.878389,+
289,439,Undirected,2191,+,,0.840925,+
289,461,Undirected,2192,+,,0.863593,+
290,361,Undirected,2193,+,,0.72518,+
290,369,Undirected,2194,+,,0.761602,+
290,403,Undirected,2195,+,,0.724333,+
290,405,Undirected,2196,+,,0.750789,+
290,451,Undirected,2197,+,,0.75,+
290,455,Undirected,2198,+,,0.739118,+
291,363,Undirected,2199,+,,0.777422,+
292,380,Undirected,2200,+,,0.776856,+
293,295,Undirected,2201,+,,0.770178,+
293,298,Undirected,2202,+,,0.761952,+
293,316,Undirected,2203,+,,0.739964,+
293,332,Undirected,2204,+,,0.761385,+
293,338,Undirected,2205,+,,0.726206,+
293,357,Undirected,2206,+,,0.754674,+
293,361,Undirected,2207,+,,0.776761,+
293,371,Undirected,2208,+,,0.728522,+
293,390,Undirected,2209,+,,0.732466,+
293,405,Undirected,2210,+,,0.798432,+
293,431,Undirected,2211,+,,0.749243,+
293,435,Undirected,2212,+,,0.755157,+
293,438,Undirected,2213,+,,0.724006,+
293,451,Undirected,2214,+,,0.796857,+
295,305,Undirected,2215,+,,0.731677,+
295,316,Undirected,2216,+,,0.756113,+
295,332,Undirected,2217,+,,0.829228,+
295,338,Undirected,2218,+,,0.737406,+
295,339,Undirected,2219,+,,0.814731,+
295,344,Undirected,2220,+,,0.734034,+
295,356,Undirected,2221,+,,0.726965,+
295,357,Undirected,2222,+,,0.750881,+
295,361,Undirected,2223,+,,0.908786,+
295,369,Undirected,2224,+,,0.79876,+
295,370,Undirected,2225,+,,0.865169,+
295,371,Undirected,2226,+,,0.79472,+
295,383,Undirected,2227,+,,0.729562,+
295,390,Undirected,2228,+,,0.931934,+
295,403,Undirected,2229,+,,0.854418,+
295,405,Undirected,2230,+,,0.904245,+
295,421,Undirected,2231,+,,0.751445,+
295,422,Undirected,2232,+,,0.7488,+
295,431,Undirected,2233,+,,0.855259,+
295,438,Undirected,2234,+,,0.806095,+
295,451,Undirected,2235,+,,0.882062,+
295,455,Undirected,2236,+,,0.859699,+
295,457,Undirected,2237,+,,0.760778,+
296,395,Undirected,2238,+,,0.760157,+
296,470,Undirected,2239,+,,0.739405,+
297,359,Undirected,2240,+,,0.730589,+
297,381,Undirected,2241,+,,0.729292,+
297,404,Undirected,2242,+,,0.754374,+
298,357,Undirected,2243,+,,0.721666,+
298,361,Undirected,2244,+,,0.722984,+
298,371,Undirected,2245,+,,0.756488,+
298,451,Undirected,2246,+,,0.735612,+
299,310,Undirected,2247,+,,0.897039,+
299,334,Undirected,2248,+,,0.761816,+
299,358,Undirected,2249,+,,0.733149,+
299,415,Undirected,2250,+,,0.862924,+
300,467,Undirected,2251,+,,0.722286,+
301,313,Undirected,2252,+,,0.723491,+
304,361,Undirected,2253,+,,0.744411,+
305,390,Undirected,2254,+,,0.734361,+
306,334,Undirected,2255,+,,0.73094,+
306,358,Undirected,2256,+,,0.72401,+
306,459,Undirected,2257,+,,0.742464,+
307,314,Undirected,2258,+,,0.736629,+
308,349,Undirected,2259,+,,0.935813,+
308,359,Undirected,2260,+,,0.779145,+
308,368,Undirected,2261,+,,0.748334,+
308,391,Undirected,2262,+,,0.792677,+
308,463,Undirected,2263,+,,0.75395,+
310,400,Undirected,2264,+,,0.753928,+
310,415,Undirected,2265,+,,0.797036,+
311,325,Undirected,2266,+,,0.774987,+
312,347,Undirected,2267,+,,0.728399,+
316,332,Undirected,2268,+,,0.763604,+
316,356,Undirected,2269,+,,0.740542,+
316,357,Undirected,2270,+,,0.722092,+
316,361,Undirected,2271,+,,0.800692,+
316,370,Undirected,2272,+,,0.749606,+
316,371,Undirected,2273,+,,0.801251,+
316,390,Undirected,2274,+,,0.724734,+
316,405,Undirected,2275,+,,0.81911,+
316,431,Undirected,2276,+,,0.741781,+
316,451,Undirected,2277,+,,0.74382,+
317,325,Undirected,2278,+,,0.764747,+
317,377,Undirected,2279,+,,0.790141,+
317,397,Undirected,2280,+,,0.784453,+
317,407,Undirected,2281,+,,0.755376,+
317,421,Undirected,2282,+,,0.850607,+
317,457,Undirected,2283,+,,0.724358,+
317,473,Undirected,2284,+,,0.804375,+
318,321,Undirected,2285,+,,0.738915,+
318,326,Undirected,2286,+,,0.740703,+
318,330,Undirected,2287,+,,0.910475,+
318,359,Undirected,2288,+,,0.771591,+
318,368,Undirected,2289,+,,0.766382,+
318,381,Undirected,2290,+,,0.827919,+
318,386,Undirected,2291,+,,0.853952,+
318,404,Undirected,2292,+,,0.855271,+
318,418,Undirected,2293,+,,0.919445,+
318,437,Undirected,2294,+,,0.843676,+
318,439,Undirected,2295,+,,0.74491,+
318,461,Undirected,2296,+,,0.868734,+
320,364,Undirected,2297,+,,0.755032,+
321,330,Undirected,2298,+,,0.818829,+
321,386,Undirected,2299,+,,0.792571,+
321,404,Undirected,2300,+,,0.735928,+
321,418,Undirected,2301,+,,0.799107,+
321,436,Undirected,2302,+,,0.755879,+
321,437,Undirected,2303,+,,0.823945,+
321,461,Undirected,2304,+,,0.778283,+
322,436,Undirected,2305,+,,0.722342,+
322,443,Undirected,2306,+,,0.734215,+
324,327,Undirected,2307,+,,0.760808,+
324,345,Undirected,2308,+,,0.843057,+
324,364,Undirected,2309,+,,0.782552,+
324,429,Undirected,2310,+,,0.791082,+
324,447,Undirected,2311,+,,0.816663,+
324,450,Undirected,2312,-,,0.726971,-
324,471,Undirected,2313,+,,0.741616,+
324,472,Undirected,2314,-,,0.820957,-
325,377,Undirected,2315,+,,0.815434,+
325,397,Undirected,2316,+,,0.748024,+
325,407,Undirected,2317,+,,0.824204,+
325,434,Undirected,2318,+,,0.799864,+
325,442,Undirected,2319,+,,0.859436,+
326,330,Undirected,2320,+,,0.720978,+
326,389,Undirected,2321,+,,0.724649,+
326,461,Undirected,2322,+,,0.730077,+
327,364,Undirected,2323,+,,0.90214,+
327,389,Undirected,2324,+,,0.809987,+
327,429,Undirected,2325,+,,0.840637,+
327,447,Undirected,2326,+,,0.838845,+
327,468,Undirected,2327,+,,0.782687,+
327,471,Undirected,2328,+,,0.79726,+
327,472,Undirected,2329,-,,0.735121,-
329,387,Undirected,2330,+,,0.78691,+
329,412,Undirected,2331,+,,0.733172,+
330,359,Undirected,2332,+,,0.722916,+
330,368,Undirected,2333,+,,0.725925,+
330,372,Undirected,2334,+,,0.76718,+
330,381,Undirected,2335,+,,0.7956,+
330,386,Undirected,2336,+,,0.844918,+
330,404,Undirected,2337,+,,0.846741,+
330,418,Undirected,2338,+,,0.852372,+
330,437,Undirected,2339,+,,0.905622,+
330,439,Undirected,2340,+,,0.807365,+
330,461,Undirected,2341,+,,0.943385,+
331,434,Undirected,2342,+,,0.738645,+
332,338,Undirected,2343,+,,0.732407,+
332,339,Undirected,2344,+,,0.738456,+
332,356,Undirected,2345,+,,0.728942,+
332,357,Undirected,2346,+,,0.734577,+
332,361,Undirected,2347,+,,0.889018,+
332,369,Undirected,2348,+,,0.722852,+
332,370,Undirected,2349,+,,0.84514,+
332,371,Undirected,2350,+,,0.78364,+
332,383,Undirected,2351,+,,0.745565,+
332,390,Undirected,2352,+,,0.796721,+
332,403,Undirected,2353,+,,0.830048,+
332,405,Undirected,2354,+,,0.889268,+
332,431,Undirected,2355,+,,0.867135,+
332,451,Undirected,2356,+,,0.780592,+
332,455,Undirected,2357,+,,0.786111,+
333,392,Undirected,2358,+,,0.740128,+
333,425,Undirected,2359,+,,0.748803,+
334,358,Undirected,2360,+,,0.826657,+
334,415,Undirected,2361,+,,0.848803,+
334,456,Undirected,2362,+,,0.790273,+
334,459,Undirected,2363,+,,0.736287,+
335,368,Undirected,2364,+,,0.742393,+
335,463,Undirected,2365,+,,0.754579,+
336,440,Undirected,2366,+,,0.795216,+
338,357,Undirected,2367,+,,0.896516,+
338,369,Undirected,2368,+,,0.747095,+
338,377,Undirected,2369,+,,0.853048,+
338,397,Undirected,2370,+,,0.771309,+
338,405,Undirected,2371,+,,0.751162,+
338,421,Undirected,2372,+,,0.775186,+
338,435,Undirected,2373,+,,0.853885,+
338,438,Undirected,2374,+,,0.834064,+
338,451,Undirected,2375,+,,0.733422,+
338,457,Undirected,2376,+,,0.826106,+
338,473,Undirected,2377,+,,0.767141,+
339,344,Undirected,2378,+,,0.799063,+
339,361,Undirected,2379,+,,0.801603,+
339,370,Undirected,2380,+,,0.81465,+
339,390,Undirected,2381,+,,0.797314,+
339,401,Undirected,2382,+,,0.745648,+
339,403,Undirected,2383,+,,0.842835,+
339,405,Undirected,2384,+,,0.803868,+
339,431,Undirected,2385,+,,0.767339,+
339,455,Undirected,2386,+,,0.897795,+
340,421,Undirected,2387,+,,0.735143,+
341,407,Undirected,2388,+,,0.731902,+
344,365,Undirected,2389,+,,0.761944,+
344,370,Undirected,2390,+,,0.749323,+
344,403,Undirected,2391,+,,0.765171,+
344,405,Undirected,2392,+,,0.728468,+
344,455,Undirected,2393,+,,0.834974,+
345,447,Undirected,2394,+,,0.789896,+
345,467,Undirected,2395,+,,0.734002,+
347,470,Undirected,2396,+,,0.723255,+
348,407,Undirected,2397,+,,0.816287,+
349,359,Undirected,2398,+,,0.72657,+
349,386,Undirected,2399,+,,0.733854,+
349,391,Undirected,2400,+,,0.727994,+
350,371,Undirected,2401,+,,0.736058,+
350,430,Undirected,2402,+,,0.807685,+
350,450,Undirected,2403,+,,0.733427,+
352,396,Undirected,2404,+,,0.720268,+
353,466,Undirected,2405,+,,1,+
354,471,Undirected,2406,+,,0.737016,+
355,420,Undirected,2407,+,,0.768339,+
356,361,Undirected,2408,+,,0.79709,+
356,370,Undirected,2409,+,,0.797499,+
356,371,Undirected,2410,+,,0.864381,+
356,383,Undirected,2411,+,,0.86516,+
356,403,Undirected,2412,+,,0.737738,+
356,405,Undirected,2413,+,,0.808861,+
356,416,Undirected,2414,+,,0.76844,+
356,422,Undirected,2415,+,,0.757549,+
356,431,Undirected,2416,+,,0.766735,+
356,472,Undirected,2417,+,,0.776849,+
357,361,Undirected,2418,+,,0.735011,+
357,369,Undirected,2419,+,,0.748791,+
357,377,Undirected,2420,+,,0.7777,+
357,405,Undirected,2421,+,,0.770198,+
357,421,Undirected,2422,+,,0.827877,+
357,435,Undirected,2423,+,,0.805551,+
357,438,Undirected,2424,+,,0.871633,+
357,451,Undirected,2425,+,,0.769927,+
357,457,Undirected,2426,+,,0.834189,+
357,473,Undirected,2427,+,,0.730738,+
358,415,Undirected,2428,+,,0.762362,+
358,459,Undirected,2429,+,,0.789262,+
359,368,Undirected,2430,+,,0.820264,+
359,386,Undirected,2431,+,,0.772603,+
359,387,Undirected,2432,+,,0.738767,+
359,404,Undirected,2433,+,,0.762118,+
359,418,Undirected,2434,+,,0.836023,+
359,437,Undirected,2435,+,,0.761084,+
359,461,Undirected,2436,+,,0.736518,+
361,369,Undirected,2437,+,,0.771924,+
361,370,Undirected,2438,+,,0.924627,+
361,371,Undirected,2439,+,,0.856657,+
361,375,Undirected,2440,+,,0.760423,+
361,383,Undirected,2441,+,,0.77859,+
361,390,Undirected,2442,+,,0.863719,+
361,403,Undirected,2443,+,,0.880672,+
361,405,Undirected,2444,+,,0.939083,+
361,416,Undirected,2445,+,,0.759515,+
361,421,Undirected,2446,+,,0.75448,+
361,422,Undirected,2447,+,,0.800852,+
361,431,Undirected,2448,+,,0.919519,+
361,438,Undirected,2449,+,,0.756259,+
361,451,Undirected,2450,+,,0.863413,+
361,455,Undirected,2451,+,,0.854966,+
362,419,Undirected,2452,+,,0.724205,+
362,433,Undirected,2453,+,,0.743065,+
362,457,Undirected,2454,+,,0.787023,+
364,389,Undirected,2455,+,,0.783714,+
364,429,Undirected,2456,+,,0.811296,+
364,447,Undirected,2457,+,,0.78494,+
364,467,Undirected,2458,+,,0.72523,+
364,468,Undirected,2459,+,,0.725206,+
364,471,Undirected,2460,+,,0.761782,+
365,455,Undirected,2461,+,,0.731453,+
367,382,Undirected,2462,+,,0.766927,+
368,381,Undirected,2463,+,,0.766051,+
368,386,Undirected,2464,+,,0.817813,+
368,387,Undirected,2465,+,,0.878766,+
368,404,Undirected,2466,+,,0.847499,+
368,418,Undirected,2467,+,,0.84302,+
368,437,Undirected,2468,+,,0.764974,+
368,439,Undirected,2469,+,,0.770547,+
368,461,Undirected,2470,+,,0.725064,+
368,463,Undirected,2471,+,,0.726999,+
369,370,Undirected,2472,+,,0.738741,+
369,390,Undirected,2473,+,,0.771214,+
369,403,Undirected,2474,+,,0.773972,+
369,405,Undirected,2475,+,,0.797497,+
369,421,Undirected,2476,+,,0.754534,+
369,451,Undirected,2477,+,,0.83293,+
370,371,Undirected,2478,+,,0.791729,+
370,383,Undirected,2479,+,,0.758427,+
370,390,Undirected,2480,+,,0.825775,+
370,403,Undirected,2481,+,,0.892033,+
370,405,Undirected,2482,+,,0.900778,+
370,416,Undirected,2483,+,,0.727971,+
370,422,Undirected,2484,+,,0.727466,+
370,431,Undirected,2485,+,,0.881873,+
370,451,Undirected,2486,+,,0.823704,+
370,455,Undirected,2487,+,,0.862136,+
371,383,Undirected,2488,+,,0.810026,+
371,390,Undirected,2489,+,,0.764109,+
371,403,Undirected,2490,+,,0.771897,+
371,405,Undirected,2491,+,,0.8771,+
371,416,Undirected,2492,+,,0.8422,+
371,422,Undirected,2493,+,,0.824606,+
371,426,Undirected,2494,-,,0.769198,-
371,431,Undirected,2495,+,,0.817291,+
371,450,Undirected,2496,+,,0.74017,+
371,451,Undirected,2497,+,,0.772793,+
371,472,Undirected,2498,+,,0.832023,+
372,391,Undirected,2499,+,,0.808171,+
372,461,Undirected,2500,+,,0.80359,+
374,448,Undirected,2501,+,,0.749978,+
375,405,Undirected,2502,+,,0.731501,+
375,422,Undirected,2503,+,,0.735212,+
375,431,Undirected,2504,+,,0.720414,+
375,472,Undirected,2505,+,,0.748703,+
376,439,Undirected,2506,+,,0.723815,+
377,397,Undirected,2507,+,,0.749888,+
377,407,Undirected,2508,+,,0.811724,+
377,421,Undirected,2509,+,,0.770315,+
377,435,Undirected,2510,+,,0.809741,+
377,457,Undirected,2511,+,,0.733068,+
377,473,Undirected,2512,+,,0.809061,+
378,421,Undirected,2513,+,,0.771061,+
378,451,Undirected,2514,+,,0.725566,+
379,393,Undirected,2515,+,,0.747342,+
380,424,Undirected,2516,+,,0.870022,+
381,386,Undirected,2517,+,,0.804851,+
381,404,Undirected,2518,+,,0.833495,+
381,418,Undirected,2519,+,,0.851948,+
381,437,Undirected,2520,+,,0.834906,+
381,461,Undirected,2521,+,,0.747906,+
383,405,Undirected,2522,+,,0.787082,+
383,416,Undirected,2523,+,,0.788695,+
383,431,Undirected,2524,+,,0.753526,+
383,472,Undirected,2525,+,,0.731911,+
385,407,Undirected,2526,+,,0.737983,+
386,387,Undirected,2527,+,,0.850963,+
386,404,Undirected,2528,+,,0.861857,+
386,418,Undirected,2529,+,,0.932919,+
386,437,Undirected,2530,+,,0.854137,+
386,439,Undirected,2531,+,,0.74675,+
386,461,Undirected,2532,+,,0.824113,+
387,404,Undirected,2533,+,,0.746709,+
387,418,Undirected,2534,+,,0.792258,+
388,396,Undirected,2535,+,,0.743114,+
389,429,Undirected,2536,+,,0.836856,+
389,447,Undirected,2537,+,,0.798167,+
389,468,Undirected,2538,+,,0.752172,+
389,471,Undirected,2539,+,,0.86708,+
390,403,Undirected,2540,+,,0.784517,+
390,405,Undirected,2541,+,,0.86832,+
390,422,Undirected,2542,+,,0.738325,+
390,431,Undirected,2543,+,,0.836074,+
390,438,Undirected,2544,+,,0.762199,+
390,451,Undirected,2545,+,,0.870849,+
390,455,Undirected,2546,+,,0.790673,+
395,470,Undirected,2547,+,,0.726163,+
396,470,Undirected,2548,+,,0.723234,+
397,421,Undirected,2549,+,,0.743084,+
397,435,Undirected,2550,+,,0.781545,+
397,457,Undirected,2551,+,,0.78908,+
397,473,Undirected,2552,+,,0.793041,+
398,409,Undirected,2553,+,,0.749787,+
399,409,Undirected,2554,+,,0.738267,+
401,455,Undirected,2555,+,,0.743724,+
403,405,Undirected,2556,+,,0.896568,+
403,431,Undirected,2557,+,,0.857722,+
403,451,Undirected,2558,+,,0.798577,+
403,455,Undirected,2559,+,,0.886984,+
404,418,Undirected,2560,+,,0.87118,+
404,437,Undirected,2561,+,,0.80009,+
404,439,Undirected,2562,+,,0.808652,+
404,461,Undirected,2563,+,,0.818877,+
405,416,Undirected,2564,+,,0.797505,+
405,421,Undirected,2565,+,,0.782564,+
405,422,Undirected,2566,+,,0.769046,+
405,431,Undirected,2567,+,,0.929666,+
405,438,Undirected,2568,+,,0.773491,+
405,451,Undirected,2569,+,,0.858253,+
405,455,Undirected,2570,+,,0.854045,+
405,457,Undirected,2571,+,,0.733515,+
405,472,Undirected,2572,+,,0.733556,+
407,434,Undirected,2573,+,,0.800697,+
407,442,Undirected,2574,+,,0.844449,+
407,473,Undirected,2575,+,,0.776182,+
411,420,Undirected,2576,+,,0.738633,+
412,428,Undirected,2577,+,,0.776669,+
416,422,Undirected,2578,+,,0.742134,+
416,431,Undirected,2579,+,,0.75241,+
416,472,Undirected,2580,+,,0.776029,+
418,437,Undirected,2581,+,,0.87282,+
418,439,Undirected,2582,+,,0.74234,+
418,441,Undirected,2583,+,,0.780844,+
418,461,Undirected,2584,+,,0.833952,+
418,463,Undirected,2585,+,,0.742756,+
419,433,Undirected,2586,+,,0.728507,+
419,457,Undirected,2587,+,,0.739828,+
421,435,Undirected,2588,+,,0.752384,+
421,438,Undirected,2589,+,,0.774267,+
421,451,Undirected,2590,+,,0.789659,+
421,457,Undirected,2591,+,,0.807913,+
422,431,Undirected,2592,+,,0.755411,+
422,472,Undirected,2593,+,,0.771796,+
426,453,Undirected,2594,+,,0.760102,+
429,447,Undirected,2595,+,,0.846771,+
429,471,Undirected,2596,+,,0.860993,+
429,472,Undirected,2597,-,,0.76856,-
430,450,Undirected,2598,+,,0.779642,+
431,451,Undirected,2599,+,,0.831143,+
431,455,Undirected,2600,+,,0.810537,+
433,438,Undirected,2601,+,,0.733293,+
433,457,Undirected,2602,+,,0.789944,+
434,442,Undirected,2603,+,,0.811496,+
435,457,Undirected,2604,+,,0.725261,+
435,473,Undirected,2605,+,,0.743575,+
437,439,Undirected,2606,+,,0.787276,+
437,441,Undirected,2607,+,,0.746317,+
437,461,Undirected,2608,+,,0.86975,+
438,451,Undirected,2609,+,,0.786488,+
438,457,Undirected,2610,+,,0.899773,+
439,461,Undirected,2611,+,,0.774278,+
447,467,Undirected,2612,+,,0.780356,+
447,471,Undirected,2613,+,,0.834722,+
447,472,Undirected,2614,-,,0.762359,-
450,472,Undirected,2615,+,,0.721976,+
451,455,Undirected,2616,+,,0.746975,+
451,457,Undirected,2617,+,,0.75478,+
456,459,Undirected,2618,+,,0.733868,+
457,473,Undirected,2619,+,,0.804154,+
464,469,Undirected,2620,+,,0.826359,+
471,472,Undirected,2621,-,,0.750074,-
